Lot Area,Overall Cond,Year Built,Gr Liv Area,TotRms AbvGrd,Mo Sold,Yr Sold,Bldg Type,Neighborhood,SalePrice
25646.750457356517,3,2001,2104,9,4,2021,1Fam,CollgCr,241432
26442.750457356517,3,1994,1486,7,8,1998,1Fam,Gilbert,168985
25398.750457356517,5,1966,921,5,6,2009,1Fam,NAmes,117751
26637.750457356517,5,1974,1713,7,7,2008,1Fam,Sawyer,179829
28830.750457356517,3,2009,1818,8,8,2010,1Fam,NridgHt,281592
24908.750457356517,3,1972,1561,7,5,1996,Duplex,NAmes,126498
34860.75045735652,3,1995,1317,6,1,2009,1Fam,Gilbert,200421
19934.750457356517,3,2018,1546,7,6,2009,TwnhsE,Blmngtn,174593
27031.750457356517,4,1958,1770,6,8,2003,1Fam,NAmes,183034
26300.750457356517,4,1976,2025,8,2,2008,1Fam,ClearCr,192496
28331.750457356517,2,1988,2563,9,10,1996,1Fam,SawyerW,209509
20251.750457356517,3,2009,1575,7,9,2010,TwnhsE,Blmngtn,265799
24452.750457356517,3,2012,1487,6,1,2010,1Fam,NAmes,213511
26419.750457356517,4,1966,1119,6,4,2003,1Fam,NWAmes,167369
24158.750457356517,4,2006,1543,6,8,1999,1Fam,Gilbert,177764
20716.750457356517,3,2009,852,2,2,2006,TwnhsE,CollgCr,136723
27323.750457356517,3,1983,2816,8,10,2013,1Fam,NoRidge,334785
37908.75045735652,4,2004,2046,8,8,2006,1Fam,CollgCr,210977
24600.750457356517,5,1951,1354,6,5,2009,1Fam,Sawyer,152592
28527.750457356517,7,1977,2076,8,6,2004,1Fam,ClearCr,186857
28203.750457356517,4,2002,1800,6,4,2009,1Fam,CollgCr,237709
25899.750457356517,3,2003,1366,5,5,2010,1Fam,CollgCr,192620
69346.75045735651,4,1954,1661,6,3,2009,1Fam,ClearCr,256606
26156.750457356517,5,2007,1366,5,9,2007,1Fam,Somerst,211889
27100.750457356517,4,1923,2599,12,0,2016,Duplex,SWISU,150197
26294.750457356517,3,1994,2194,9,7,1996,1Fam,NoRidge,286609
24975.750457356517,6,1964,1301,4,5,2020,1Fam,NAmes,153612
21603.750457356517,5,1917,1256,8,10,2011,1Fam,Crawfor,139780
69686.75045735651,5,1953,1670,5,2,2004,1Fam,ClearCr,256357
24331.750457356517,3,1956,1147,5,4,2014,1Fam,NAmes,135268
21981.750457356517,4,1938,1342,6,8,2000,1Fam,OldTown,139894
27122.750457356517,3,2006,1569,7,6,2002,1Fam,NridgHt,284238
25902.750457356517,4,1966,1493,5,1,1998,1Fam,NAmes,141107
34195.75045735652,5,1939,3089,12,3,2014,1Fam,ClearCr,199772
19449.750457356517,3,2007,1151,4,9,2008,TwnhsE,Blmngtn,159494
26421.750457356517,5,1942,1575,4,5,2010,1Fam,NAmes,155502
22560.750457356517,3,1998,1365,6,5,2010,TwnhsE,NridgHt,207030
23245.750457356517,3,1976,1055,4,6,1998,Duplex,OldTown,144384
30428.750457356517,3,2012,1813,7,1,2008,1Fam,NridgHt,259301
26254.750457356517,4,1984,1626,6,4,2005,1Fam,SawyerW,227060
25284.750457356517,7,1981,1436,8,4,2003,Duplex,SawyerW,224676
32569.750457356517,4,2008,2581,9,9,1994,1Fam,NridgHt,341846
22520.750457356517,4,1930,2002,6,1,2012,1Fam,BrkSide,149219
24706.750457356517,4,1970,911,6,4,2013,1Fam,Sawyer,129716
25073.750457356517,4,1995,1412,4,9,2005,TwnhsE,NAmes,189676
25923.750457356517,5,1944,1525,7,2,2016,1Fam,NAmes,153652
22071.750457356517,3,1923,747,5,6,1994,1Fam,BrkSide,79731
24860.750457356517,4,1937,1291,5,0,2004,1Fam,BrkSide,126281
28119.750457356517,4,1945,1392,5,5,2000,1Fam,NAmes,166558
25414.750457356517,3,1967,1733,9,10,2013,Duplex,Sawyer,125447
23777.750457356517,4,1997,1454,6,6,2015,1Fam,Somerst,238274
26493.750457356517,3,1957,1146,6,6,2016,1Fam,NAmes,164235
26045.750457356517,4,2002,1759,6,1,2013,1Fam,Somerst,226797
25632.750457356517,4,2014,1593,6,6,2003,1Fam,CollgCr,181732
24510.750457356517,4,1989,1740,7,5,1998,1Fam,SawyerW,175453
27067.750457356517,7,1881,2545,7,7,2017,1Fam,OldTown,159922
25116.750457356517,3,2008,2082,10,5,2010,1Fam,NridgHt,249208
24922.750457356517,6,1968,884,4,2,2016,1Fam,NAmes,119481
26753.750457356517,4,1938,2138,7,6,2020,1Fam,Crawfor,256127
26490.750457356517,3,1970,1150,5,5,2012,1Fam,NAmes,165817
28203.750457356517,3,1966,1400,5,6,2001,1Fam,NAmes,166064
22661.750457356517,4,1997,1357,6,5,2006,TwnhsE,NridgHt,222820
21740.750457356517,3,1998,1071,4,4,2003,1Fam,SWISU,156388
34658.75045735652,8,1874,3492,9,4,2009,1Fam,OldTown,295259
22460.750457356517,3,1913,2242,10,2,2012,1Fam,SWISU,118526
26270.750457356517,3,1953,1587,5,5,2016,1Fam,NAmes,160424
25520.750457356517,4,1964,942,5,7,2004,1Fam,CollgCr,129563
17951.750457356517,4,1963,983,4,10,2005,Twnhs,BrDale,100585
23267.750457356517,3,1977,1531,7,6,2017,Duplex,SawyerW,118890
34384.75045735652,4,1997,3407,9,8,2000,1Fam,StoneBr,542970
24765.750457356517,4,2000,1403,5,2,2010,1Fam,Gilbert,157318
20135.750457356517,4,1969,1223,4,7,1994,TwnhsE,Greens,190788
27965.750457356517,3,2016,1417,6,7,2016,1Fam,CollgCr,173484
20666.750457356517,3,1993,850,3,5,1998,TwnhsE,CollgCr,148964
25312.750457356517,4,1950,1106,4,3,2005,1Fam,Edwards,94696
21691.750457356517,4,1909,1021,4,1,2013,1Fam,OldTown,120562
30116.750457356517,4,1956,1607,6,11,2017,1Fam,Sawyer,139186
23810.750457356517,3,1998,1100,6,5,1998,1Fam,SawyerW,146789
25184.750457356517,5,1974,2133,6,6,2009,1Fam,NAmes,177045
27529.750457356517,3,2009,1661,6,7,1998,1Fam,CollgCr,286467
30450.750457356517,5,1978,1621,7,5,2002,1Fam,NWAmes,203576
26835.750457356517,3,1959,1707,5,4,2002,1Fam,NAmes,165842
24745.750457356517,4,1964,974,4,7,2018,1Fam,Sawyer,132498
25611.750457356517,3,2007,1786,7,10,1995,1Fam,CollgCr,190763
27679.750457356517,3,1962,1297,6,9,2015,1Fam,Sawyer,150371
24985.750457356517,3,1931,1662,8,5,2006,1Fam,Edwards,107171
25979.750457356517,6,1998,1469,5,3,2006,1Fam,Gilbert,185989
25889.750457356517,4,1923,2360,9,3,2005,2fmCon,OldTown,130024
22670.750457356517,3,1958,955,4,4,2000,1Fam,Edwards,90095
28409.750457356517,4,1997,1319,5,6,2017,1Fam,Gilbert,202215
24729.750457356517,4,2010,1405,6,3,2006,1Fam,Gilbert,157742
23552.750457356517,5,1961,1167,6,3,2006,1Fam,NAmes,140367
43833.75045735652,1,1965,1602,5,11,2017,1Fam,Mitchel,80450
23374.750457356517,2,1952,1540,6,8,1995,1Fam,NAmes,115595
23620.750457356517,4,1989,1857,7,4,2017,1Fam,Somerst,255191
25054.750457356517,5,1904,1141,7,6,2009,1Fam,OldTown,96319
26928.750457356517,4,2007,2434,8,5,2011,1Fam,Somerst,263915
28314.750457356517,5,1951,1116,5,5,2007,1Fam,OldTown,146439
22623.750457356517,5,1921,520,3,4,2007,1Fam,BrkSide,68296
26765.750457356517,5,1937,2133,7,7,2007,1Fam,Crawfor,256189
22500.750457356517,5,1934,1367,5,10,2001,1Fam,BrkSide,128047
24985.750457356517,3,1998,1461,5,9,2018,1Fam,CollgCr,192037
25366.750457356517,3,1985,1540,5,9,2020,1Fam,SawyerW,184174
24417.750457356517,4,2008,1462,6,10,2009,1Fam,CollgCr,188256
34546.75045735652,7,1953,2436,8,9,2005,1Fam,NAmes,277298
32127.750457356517,4,1961,2208,8,10,1995,1Fam,NAmes,266605
21249.750457356517,4,1998,1283,4,1,2003,TwnhsE,StoneBr,191216
26425.750457356517,3,1950,947,5,2,2015,1Fam,Edwards,111503
23270.750457356517,4,1983,1060,3,6,2022,Duplex,OldTown,144232
26073.750457356517,4,1959,1672,8,5,2007,Duplex,Edwards,100191
31004.750457356517,6,1983,2187,7,5,2006,1Fam,SawyerW,272144
33960.75045735652,8,1882,1742,8,10,2015,1Fam,OldTown,168509
23858.750457356517,4,1953,1970,10,6,2000,Duplex,OldTown,124896
20776.750457356517,5,1921,937,5,5,2016,1Fam,OldTown,109655
21773.750457356517,5,1964,882,3,4,1998,1Fam,OldTown,102629
25302.750457356517,3,1996,1948,8,12,2015,1Fam,Somerst,269901
19775.750457356517,3,2007,1683,2,1,2019,TwnhsE,Somerst,190311
30044.750457356517,5,1968,1608,6,12,1997,1Fam,Sawyer,140407
23424.750457356517,5,1974,868,4,6,2013,1Fam,NAmes,130671
26958.750457356517,5,1958,1044,6,0,2002,1Fam,NAmes,135781
27910.750457356517,3,1995,1726,6,7,2015,1Fam,CollgCr,195564
28468.750457356517,3,1954,1497,6,1,2011,1Fam,NAmes,149816
22192.750457356517,6,1934,1128,6,3,2012,1Fam,OldTown,89748
19455.750457356517,3,1999,1458,7,5,2014,TwnhsE,Blmngtn,214533
23288.750457356517,4,1989,1509,7,6,2016,Duplex,SawyerW,113414
23483.750457356517,5,1948,831,3,6,2017,1Fam,NAmes,105906
24563.750457356517,5,1964,951,4,7,2005,1Fam,NAmes,127778
25818.750457356517,1,1898,1768,7,5,2009,1Fam,OldTown,87495
28456.750457356517,3,1997,2550,8,6,2010,1Fam,NoRidge,386355
20087.750457356517,3,2011,1653,5,7,1998,TwnhsE,Crawfor,251122
24364.750457356517,4,1992,1700,6,10,2011,1Fam,Gilbert,179996
21126.750457356517,6,1944,903,5,8,1997,1Fam,BrkSide,87014
19884.750457356517,3,2012,1349,5,7,2000,TwnhsE,Somerst,193600
29616.750457356517,3,1996,2286,9,6,1994,1Fam,NoRidge,268375
17941.750457356517,3,1969,1223,7,4,1999,Twnhs,BrDale,91254
26128.750457356517,5,1980,971,5,5,1997,1Fam,CollgCr,128852
26311.750457356517,4,1998,1391,5,12,2001,1Fam,Mitchel,215083
25747.750457356517,3,2007,2308,8,5,2014,1Fam,Somerst,295373
27548.750457356517,3,2008,1497,6,5,2014,1Fam,Somerst,231687
24561.750457356517,5,1908,1247,6,7,2003,1Fam,Edwards,116586
29408.750457356517,3,2005,1141,6,2,2015,1Fam,SawyerW,142711
27230.750457356517,4,1993,2327,9,7,1999,1Fam,CollgCr,241255
32035.750457356517,4,1994,1505,5,5,2000,1Fam,CollgCr,220763
87361.75045735651,4,1963,1532,4,11,2001,1Fam,ClearCr,281306
22481.750457356517,3,1929,988,5,5,1996,1Fam,BrkSide,101425
25057.750457356517,6,1912,791,4,4,2015,1Fam,Edwards,85019
21645.750457356517,3,1951,860,6,4,2013,1Fam,SWISU,118120
25680.750457356517,4,1999,1876,8,2,2009,1Fam,Somerst,298425
26808.750457356517,3,1962,1773,8,4,2014,1Fam,NAmes,137059
23945.750457356517,5,1950,1208,6,10,2011,1Fam,Edwards,100249
22273.750457356517,6,1927,1153,4,6,2003,1Fam,BrkSide,119556
23426.750457356517,5,1949,804,3,1,2013,1Fam,OldTown,119283
33132.75045735652,3,1920,2663,10,4,1996,1Fam,Sawyer,158071
26927.750457356517,2,1960,1730,10,11,2004,Duplex,NAmes,118419
32205.750457356517,4,2001,2781,9,0,2003,1Fam,StoneBr,400401
19968.750457356517,3,1981,1083,4,9,2001,TwnhsE,StoneBr,170413
25576.750457356517,4,1966,868,3,4,1996,Duplex,Edwards,99138
25736.750457356517,4,1955,1357,5,5,2020,1Fam,NAmes,140136
29002.750457356517,4,1990,2436,6,1,1995,1Fam,CollgCr,274190
27396.750457356517,3,2004,2482,8,10,2003,1Fam,Somerst,466664
24362.750457356517,5,1937,1498,5,7,2013,1Fam,NAmes,134291
24667.750457356517,3,1935,1594,6,5,2004,1Fam,SWISU,139315
24422.750457356517,3,1993,1486,5,2,2011,1Fam,Gilbert,173192
25827.750457356517,4,1960,1035,5,7,2003,1Fam,NAmes,124369
26102.750457356517,4,1954,1090,5,4,2007,1Fam,Edwards,123455
18896.750457356517,4,2004,1634,6,5,2012,Twnhs,NridgHt,176017
23203.750457356517,3,1969,1049,4,6,2019,Duplex,OldTown,143698
26083.750457356517,4,2014,1208,5,1,2012,1Fam,Timber,180118
30515.750457356517,4,1958,1321,5,5,2019,1Fam,NAmes,172262
21644.750457356517,4,1937,595,3,5,2007,1Fam,OldTown,58823
33685.75045735652,3,1955,1899,6,0,2000,1Fam,Crawfor,224801
26014.750457356517,2,1939,1106,6,3,2019,1Fam,Edwards,62756
24255.750457356517,4,1966,1385,5,10,2004,1Fam,NAmes,156388
25271.750457356517,1,1953,1006,4,7,2013,1Fam,Sawyer,79609
22240.750457356517,5,1914,1456,6,6,1999,1Fam,OldTown,138682
23597.750457356517,4,1954,409,2,2,2010,1Fam,OldTown,46289
30020.750457356517,3,1999,1543,6,1,1997,1Fam,CollgCr,205638
25107.750457356517,5,1922,1367,6,2,2006,1Fam,BrkSide,165782
25340.750457356517,4,1988,2068,6,10,2013,1Fam,NoRidge,260249
23396.750457356517,5,1963,915,5,10,1998,1Fam,Sawyer,123645
22115.750457356517,4,1921,746,5,6,2004,1Fam,BrkSide,80123
25272.750457356517,3,1972,1045,4,1,2016,1Fam,CollgCr,135428
24687.750457356517,6,1895,2009,8,5,2016,1Fam,OldTown,159295
19268.750457356517,3,2002,1252,5,2,1998,TwnhsE,Blmngtn,167687
25863.750457356517,4,1961,1045,4,6,2012,1Fam,NAmes,129146
23794.750457356517,3,2014,1137,5,9,2003,1Fam,SawyerW,147758
19459.750457356517,4,2006,1194,3,5,2012,TwnhsE,Somerst,151381
35129.75045735652,3,1980,2619,11,7,2000,Duplex,Sawyer,190580
21347.750457356517,3,1995,2098,6,9,2006,TwnhsE,StoneBr,207461
26661.750457356517,4,1996,1744,7,5,2006,1Fam,NridgHt,334548
25266.750457356517,4,1981,1036,5,0,2010,1Fam,CollgCr,134573
26834.750457356517,3,1999,2224,8,6,2008,1Fam,CollgCr,267295
23361.750457356517,5,1964,819,4,6,2012,1Fam,NAmes,130312
30433.750457356517,3,2009,1913,7,6,2008,1Fam,StoneBr,377878
24533.750457356517,3,1956,865,5,12,2004,1Fam,Sawyer,62420
30586.750457356517,4,2002,2123,7,10,2009,1Fam,NridgHt,343685
26699.750457356517,3,1974,2715,7,8,2002,1Fam,SawyerW,301193
31913.750457356517,5,1907,1671,7,2,2010,1Fam,Crawfor,176196
33961.75045735652,7,1891,1739,7,11,2004,1Fam,OldTown,168567
27645.750457356517,3,1997,1993,7,11,2005,1Fam,CollgCr,254155
27744.750457356517,6,1935,1517,6,6,2000,1Fam,Crawfor,229491
26443.750457356517,6,1965,1087,6,4,1999,1Fam,NAmes,144992
22081.750457356517,7,1930,891,4,12,2013,1Fam,OldTown,91135
27700.750457356517,1,2001,1851,8,5,1999,1Fam,StoneBr,395594
17738.750457356517,8,1967,1097,5,2,1997,Twnhs,MeadowV,97658
23291.750457356517,5,1918,642,3,3,2004,1Fam,IDOTRR,84680
19461.750457356517,4,1996,1555,7,5,2009,TwnhsE,Blmngtn,191982
28023.750457356517,4,1971,1748,7,5,2017,1Fam,NWAmes,174156
31726.750457356517,3,1998,1884,6,9,2009,1Fam,StoneBr,385854
24925.750457356517,4,1958,1044,3,6,2021,1Fam,IDOTRR,56085
25890.750457356517,1,1958,1280,5,5,2007,1Fam,Edwards,59992
25533.750457356517,5,1954,1054,5,7,2006,1Fam,NAmes,139886
26039.750457356517,3,1978,977,6,9,2015,1Fam,NAmes,135763
29424.750457356517,3,1987,1494,7,3,2009,1Fam,CollgCr,208785
25432.750457356517,5,1965,1480,7,7,2005,1Fam,NWAmes,186478
24711.750457356517,4,1955,794,3,8,1998,1Fam,NAmes,113665
26310.750457356517,5,1975,1283,6,5,2005,1Fam,NAmes,174546
24408.750457356517,3,2005,1410,5,10,1999,1Fam,Timber,200820
24195.750457356517,4,1967,1149,5,5,2001,1Fam,NAmes,140429
28059.750457356517,3,1991,2207,9,9,2012,1Fam,NoRidge,263728
24414.750457356517,4,1992,1766,7,7,2018,1Fam,CollgCr,225093
32393.750457356517,4,2016,1525,7,6,2008,1Fam,StoneBr,259997
23725.750457356517,4,2001,1820,7,3,1997,1Fam,Somerst,204098
18560.750457356517,4,1981,1540,6,8,2015,TwnhsE,NPkVill,146274
25306.750457356517,5,1932,1823,5,3,2005,1Fam,IDOTRR,150569
19269.750457356517,4,1996,1514,4,5,2012,TwnhsE,Somerst,166872
26477.750457356517,4,1964,1152,5,6,1997,1Fam,NAmes,164595
26542.750457356517,4,2016,1480,8,7,2009,1Fam,Gilbert,178993
17793.750457356517,4,1976,995,4,7,2018,Twnhs,MeadowV,106547
21644.750457356517,5,1923,1620,4,9,2002,1Fam,OldTown,152346
25632.750457356517,1,1895,796,5,9,2006,1Fam,IDOTRR,44172
25519.750457356517,3,2000,1717,6,0,2006,1Fam,NridgHt,231810
27289.750457356517,5,1971,1027,5,9,2001,1Fam,CollgCr,146635
25379.750457356517,5,1984,1000,4,3,2020,1Fam,SawyerW,146418
26969.750457356517,4,1953,1050,6,1,2008,1Fam,NAmes,136241
25732.750457356517,4,2016,1724,7,9,2009,1Fam,Somerst,311707
37087.75045735652,4,2005,2088,7,0,2013,1Fam,Somerst,421257
37549.75045735652,5,1915,1571,6,4,1999,1Fam,BrkSide,224722
22235.750457356517,5,1952,901,4,8,2019,1Fam,OldTown,108485
26037.750457356517,3,1995,1792,6,8,1999,1Fam,CollgCr,230008
25791.750457356517,4,2011,2324,7,5,2008,1Fam,Somerst,294773
24013.750457356517,6,1952,910,6,9,2008,1Fam,Sawyer,128765
29950.750457356517,3,2010,1960,8,10,2004,1Fam,Timber,320774
21095.750457356517,4,2002,1479,6,3,2021,TwnhsE,Somerst,261515
24025.750457356517,6,1974,894,4,6,2003,1Fam,Sawyer,137713
17937.750457356517,3,1970,1296,6,5,2005,Twnhs,BrDale,112136
30089.750457356517,5,1948,1606,5,12,1996,1Fam,Sawyer,140569
26825.750457356517,5,1910,1463,6,5,2017,1Fam,OldTown,141305
18558.750457356517,4,1980,1464,6,7,2019,Twnhs,NPkVill,149020
22482.750457356517,4,1931,983,5,4,2005,1Fam,BrkSide,102339
30174.750457356517,4,1995,2178,9,2,1997,1Fam,NWAmes,228249
27505.750457356517,4,2012,1927,6,3,2016,1Fam,Timber,283602
31167.750457356517,3,1992,1770,6,8,2000,1Fam,NridgHt,377973
73405.75045735651,4,1954,1694,6,5,2015,1Fam,Timber,160500
27644.750457356517,0,1924,1082,5,11,2016,1Fam,OldTown,55095
29877.750457356517,3,2010,2641,9,3,2016,1Fam,NridgHt,381724
26736.750457356517,4,1974,860,3,3,2010,1Fam,NAmes,97381
27383.750457356517,3,2016,1724,6,6,2014,1Fam,NridgHt,256605
24374.750457356517,6,1944,1046,6,5,2008,1Fam,NAmes,155621
37679.75045735652,3,1963,988,3,10,1997,1Fam,ClearCr,180190
25832.750457356517,5,1957,1111,5,7,2017,1Fam,NAmes,146121
26698.750457356517,3,1985,1357,4,8,2017,1Fam,NWAmes,192465
26213.750457356517,4,1962,970,5,4,1999,1Fam,CollgCr,128960
25048.750457356517,6,1986,1039,5,8,1997,1Fam,CollgCr,149939
29186.750457356517,6,1991,832,4,4,1999,1Fam,Mitchel,149523
24765.750457356517,2,1951,1380,6,5,2000,1Fam,NAmes,166531
18315.750457356517,4,1969,1212,7,11,2004,Twnhs,BrDale,113399
23750.750457356517,6,1899,1335,6,6,1994,1Fam,IDOTRR,115997
18655.750457356517,4,2000,1085,3,5,2017,TwnhsE,Somerst,147689
27501.750457356517,4,2004,1317,5,10,2004,1Fam,CollgCr,199235
24915.750457356517,3,1967,1330,5,12,2010,1Fam,NAmes,160405
26130.750457356517,3,1976,1095,6,3,2012,1Fam,Edwards,123424
27095.750457356517,6,1984,2605,9,6,2011,1Fam,NWAmes,240206
22237.750457356517,7,1911,1538,6,1,2016,1Fam,OldTown,129467
25605.750457356517,4,1988,2092,9,4,2014,1Fam,CollgCr,240689
24474.750457356517,3,1979,1937,10,4,2014,Duplex,Sawyer,156725
26849.750457356517,4,1985,1001,4,5,2013,Duplex,Mitchel,135712
29114.750457356517,6,1993,832,5,3,2000,1Fam,Mitchel,150066
26037.750457356517,5,1939,1072,4,4,2016,1Fam,NAmes,141741
26527.750457356517,5,1958,1069,5,6,1999,1Fam,NAmes,156174
33746.75045735652,4,1926,869,4,3,1994,1Fam,Sawyer,105448
26199.750457356517,5,1977,1124,5,6,1997,1Fam,Mitchel,170394
29460.750457356517,4,1997,1692,7,6,2006,1Fam,Mitchel,269566
29272.750457356517,5,1969,1084,4,5,2019,1Fam,NAmes,148310
26207.750457356517,4,1973,1183,5,10,1998,1Fam,NWAmes,157890
26178.750457356517,3,2005,2091,8,4,2012,1Fam,NridgHt,340044
29439.750457356517,4,1949,1224,7,6,2005,1Fam,Crawfor,152855
24571.750457356517,3,2001,1498,6,5,2002,1Fam,CollgCr,167915
32809.75045735652,3,1966,1327,4,4,1999,1Fam,NWAmes,173150
42455.75045735652,5,1958,1183,5,4,2005,1Fam,Mitchel,157663
23051.750457356517,4,1989,1503,3,6,2006,TwnhsE,StoneBr,211913
24012.750457356517,4,1998,1449,6,7,1999,1Fam,Gilbert,178598
24615.750457356517,4,2006,1482,7,5,2006,1Fam,CollgCr,167669
23509.750457356517,3,1934,1425,5,3,2013,1Fam,Crawfor,136365
25248.750457356517,4,1928,865,4,5,1998,1Fam,IDOTRR,65308
26849.750457356517,3,1994,1798,6,5,2012,1Fam,Somerst,224209
22676.750457356517,-1,1903,1875,6,2,2005,1Fam,SWISU,93625
19521.750457356517,3,2004,1400,6,2,2005,TwnhsE,NridgHt,200647
36162.75045735652,6,1955,1223,7,9,2001,1Fam,Mitchel,131724
23517.750457356517,4,2002,1642,5,5,2009,1Fam,CollgCr,182429
18551.750457356517,5,1973,1060,3,3,2013,Twnhs,NPkVill,137219
25259.750457356517,3,1994,1509,7,7,2008,1Fam,Gilbert,179805
19443.750457356517,3,2006,1552,6,5,2002,TwnhsE,Blmngtn,193450
27272.750457356517,3,1977,1279,4,3,2008,1Fam,NWAmes,174672
26091.750457356517,2,1920,1079,6,5,1995,1Fam,IDOTRR,91031
25867.750457356517,8,1936,1369,7,9,2017,1Fam,OldTown,161038
25150.750457356517,3,1960,1577,8,9,2001,Duplex,NAmes,118384
21632.750457356517,0,1947,1313,5,4,2009,1Fam,BrkSide,76187
24393.750457356517,5,1932,1668,6,2,1997,1Fam,Crawfor,217427
24393.750457356517,4,1997,1581,6,8,2004,1Fam,Somerst,196044
23380.750457356517,4,1965,907,5,10,2019,1Fam,Sawyer,123599
26781.750457356517,3,1972,1151,6,7,2015,Duplex,Edwards,160391
20398.750457356517,4,2000,1555,5,5,2005,TwnhsE,Somerst,303226
18225.750457356517,5,1973,1565,5,7,2014,Twnhs,Blueste,151899
25851.750457356517,6,1973,859,4,5,2014,1Fam,CollgCr,128581
33153.75045735652,3,2009,2647,9,1,2009,1Fam,NridgHt,420826
23874.750457356517,7,1908,1430,7,6,2018,1Fam,Crawfor,189529
25256.750457356517,4,1924,859,5,6,2014,1Fam,IDOTRR,64910
20116.750457356517,3,2010,1639,4,6,1997,TwnhsE,Crawfor,228836
22386.750457356517,1,1939,796,4,0,2019,1Fam,BrkSide,60224
22211.750457356517,7,1881,1078,4,9,2007,1Fam,OldTown,94848
32735.750457356517,4,1959,1327,4,5,2002,1Fam,NWAmes,171466
26122.750457356517,4,2004,1769,7,2,2016,1Fam,Somerst,225544
29951.750457356517,4,2013,2679,8,2,2018,1Fam,NridgHt,609641
30622.750457356517,5,1973,1553,5,8,2000,1Fam,CollgCr,163152
19215.750457356517,4,1998,1506,5,4,2001,TwnhsE,Blmngtn,247534
27346.750457356517,3,1961,1920,8,7,2014,Duplex,Sawyer,149891
23702.750457356517,6,1949,897,4,8,2017,1Fam,NAmes,142200
23483.750457356517,7,1969,772,5,3,2001,1Fam,CollgCr,134131
21817.750457356517,4,1916,2228,7,6,1997,1Fam,OldTown,104532
28142.750457356517,6,1994,2513,8,6,2011,1Fam,NoRidge,289741
26477.750457356517,6,1928,836,4,4,2002,1Fam,BrkSide,129694
26008.750457356517,4,1948,1081,4,3,1998,1Fam,NAmes,141716
27065.750457356517,5,1983,1212,5,3,2002,TwnhsE,SawyerW,119911
23475.750457356517,5,1985,1038,5,7,1995,1Fam,Sawyer,160025
28377.750457356517,6,1942,1058,4,0,2007,1Fam,Edwards,120128
25496.750457356517,2,1925,754,3,5,1999,1Fam,Sawyer,84668
25229.750457356517,4,2017,1962,8,11,2008,1Fam,Somerst,270477
18557.750457356517,3,1974,1448,6,7,2001,Twnhs,NPkVill,145159
33060.75045735652,3,2006,1782,7,3,2001,1Fam,NridgHt,296721
24620.750457356517,3,1998,1469,7,5,1999,1Fam,Gilbert,179529
20681.750457356517,4,1989,789,2,6,2020,TwnhsE,Greens,154505
23041.750457356517,4,1993,1373,5,3,2009,TwnhsE,NridgHt,202406
87004.75045735651,4,1971,1526,5,11,2002,1Fam,ClearCr,278837
20088.750457356517,4,2011,1638,5,12,2006,TwnhsE,Crawfor,301543
23797.750457356517,3,2003,2294,7,7,2012,1Fam,Gilbert,205210
18173.750457356517,2,1965,1087,5,6,2019,TwnhsE,MeadowV,88189
29351.750457356517,4,2008,2072,6,0,2014,1Fam,Gilbert,250034
25473.750457356517,3,1998,1487,7,6,2014,1Fam,Somerst,225915
18659.750457356517,4,1971,947,4,4,2015,Twnhs,MeadowV,119317
33772.75045735652,3,1962,1472,5,11,1998,1Fam,NAmes,157435
34257.75045735652,5,1935,3072,12,2,1998,1Fam,ClearCr,199307
26776.750457356517,7,1938,2721,9,11,2013,1Fam,Crawfor,314168
55634.75045735652,3,2012,5070,15,10,2015,1Fam,Edwards,182991
24105.750457356517,2,1910,1339,6,5,2000,1Fam,Edwards,91865
18547.750457356517,4,1967,1453,6,7,2014,Twnhs,NPkVill,145329
29905.750457356517,1,1971,1387,5,6,2010,1Fam,NAmes,110010
25019.750457356517,4,1963,1006,5,8,2005,1Fam,NAmes,148065
25883.750457356517,3,1984,2504,5,1,2018,1Fam,Veenker,180164
24564.750457356517,4,1973,953,5,8,2004,1Fam,NAmes,127730
23476.750457356517,1,1951,1238,5,11,1997,1Fam,NAmes,101844
20008.750457356517,4,1982,1236,4,4,2016,Twnhs,Greens,213545
26750.750457356517,5,1960,1108,5,11,1994,1Fam,NAmes,138744
24139.750457356517,5,1914,1406,6,3,2017,1Fam,IDOTRR,89819
29670.750457356517,3,1968,1083,6,6,2011,1Fam,NAmes,159437
27059.750457356517,5,1950,1625,5,7,1999,1Fam,NAmes,146969
20713.750457356517,4,1996,843,2,4,2007,TwnhsE,CollgCr,143286
20371.750457356517,3,1947,692,3,2,2001,1Fam,OldTown,52582
29981.750457356517,4,2008,1542,5,0,1999,1Fam,CollgCr,204772
23465.750457356517,5,1943,1044,5,5,2011,1Fam,NAmes,109944
24086.750457356517,6,1954,916,5,9,2007,1Fam,Sawyer,128758
22142.750457356517,4,1894,1860,9,5,2007,2fmCon,OldTown,97450
28997.750457356517,3,1984,1641,5,7,2001,1Fam,SawyerW,274881
17950.750457356517,5,1975,992,4,6,2013,Twnhs,BrDale,97549
22395.750457356517,3,1913,1073,4,3,2013,1Fam,OldTown,109318
25794.750457356517,4,1993,1793,7,4,2006,1Fam,CollgCr,209781
31039.750457356517,4,1991,1782,6,6,1998,1Fam,CollgCr,299440
27204.750457356517,3,2018,1568,7,11,2001,1Fam,Timber,238879
27044.750457356517,6,1945,1457,6,7,2003,1Fam,NAmes,133905
24046.750457356517,3,2009,1324,5,8,2002,1Fam,Gilbert,161426
26245.750457356517,4,1955,988,5,9,2016,1Fam,Sawyer,129232
31837.750457356517,4,1977,2885,10,4,2011,1Fam,Timber,286811
26015.750457356517,4,1997,1495,5,9,2013,TwnhsE,GrnHill,331331
24195.750457356517,6,1908,1414,5,3,2016,1Fam,IDOTRR,88982
23454.750457356517,4,1968,889,5,9,2001,1Fam,CollgCr,123430
22290.750457356517,5,1947,901,4,8,2005,1Fam,OldTown,108018
25766.750457356517,4,1960,1418,6,8,2010,1Fam,NAmes,155300
34285.75045735652,2,1926,895,5,8,2015,1Fam,IDOTRR,81202
27231.750457356517,4,1982,1176,6,5,2018,1Fam,Mitchel,135239
29698.750457356517,4,1997,2306,10,5,2018,1Fam,NridgHt,454468
25112.750457356517,6,1959,1561,6,5,2006,2fmCon,NAmes,185938
31717.750457356517,4,1946,884,3,5,1995,1Fam,NAmes,141411
23261.750457356517,3,1993,1374,5,8,2003,TwnhsE,NridgHt,201710
26831.750457356517,3,1989,1849,8,7,2010,1Fam,NWAmes,187983
27308.750457356517,3,2010,2301,8,1,1996,1Fam,Edwards,228845
26285.750457356517,4,2011,1430,8,11,2005,1Fam,Gilbert,170575
27344.750457356517,3,1948,843,4,3,2017,1Fam,IDOTRR,67865
20705.750457356517,4,1980,785,3,6,2008,TwnhsE,Greens,154096
26292.750457356517,5,2005,1605,7,5,2003,1Fam,Gilbert,194544
21664.750457356517,4,1914,1068,3,12,2004,1Fam,OldTown,107897
24929.750457356517,4,2020,1321,5,8,1999,1Fam,Somerst,229870
28452.750457356517,7,1960,2081,8,6,2013,1Fam,ClearCr,187440
37828.75045735652,4,1996,4327,10,0,2000,1Fam,NoRidge,753841
26563.750457356517,3,2002,1314,5,10,2004,1Fam,Gilbert,170936
24424.750457356517,3,2003,1477,5,2,2000,1Fam,Gilbert,173199
28643.750457356517,5,1990,892,5,3,1999,1Fam,Mitchel,137191
30459.750457356517,3,2004,1357,5,9,2020,1Fam,Mitchel,143095
42482.75045735652,3,1956,1898,6,4,2009,1Fam,Crawfor,236531
30514.750457356517,2,1973,1006,5,6,2018,1Fam,Sawyer,115999
24699.750457356517,4,1963,1049,5,7,2009,1Fam,NAmes,142339
25674.750457356517,5,1981,1747,6,1,2019,1Fam,SawyerW,195278
19138.750457356517,4,1992,1284,5,11,2003,1Fam,ClearCr,172861
26162.750457356517,4,2001,2001,7,5,2003,1Fam,NoRidge,269264
27256.750457356517,4,1993,2790,9,6,1999,1Fam,NoRidge,370396
28497.750457356517,4,2012,1733,7,9,2005,1Fam,NridgHt,293017
21172.750457356517,7,1919,1511,6,5,2014,1Fam,SWISU,149137
26870.750457356517,5,1974,894,4,1,2017,1Fam,CollgCr,128270
29326.750457356517,5,1959,2134,7,6,1997,1Fam,NAmes,193463
25582.750457356517,3,2006,1574,7,4,2004,1Fam,Somerst,285857
26722.750457356517,4,1995,1293,5,6,2012,1Fam,Mitchel,130677
26370.750457356517,5,1960,1285,6,5,2017,1Fam,NAmes,174192
30430.750457356517,4,1997,2240,6,1,2005,1Fam,StoneBr,442758
22376.750457356517,1,1937,804,3,1,1997,1Fam,BrkSide,59652
28486.750457356517,3,1989,2543,8,5,2010,1Fam,NoRidge,386778
25148.750457356517,3,1995,1665,6,6,2017,1Fam,CollgCr,194496
30139.750457356517,4,2017,2032,8,10,2011,1Fam,StoneBr,453966
39115.75045735652,8,1885,3623,12,6,2006,1Fam,OldTown,472930
24221.750457356517,4,2000,1435,5,9,2003,1Fam,Somerst,225102
24106.750457356517,4,2004,1551,5,7,2007,1Fam,Gilbert,179092
28784.750457356517,4,2015,1486,7,6,2015,1Fam,Gilbert,173496
26012.750457356517,3,2002,1861,7,7,2002,1Fam,Somerst,256610
26137.750457356517,4,1997,1795,6,1,2016,1Fam,Mitchel,284400
27204.750457356517,3,1942,1598,6,7,2018,1Fam,Edwards,116433
25669.750457356517,3,1945,898,4,4,2007,1Fam,Edwards,110368
17749.750457356517,7,1960,1085,6,3,2010,Twnhs,MeadowV,97866
25911.750457356517,6,1936,1471,5,6,1998,1Fam,OldTown,125326
25357.750457356517,4,1958,1736,10,11,2005,Duplex,Sawyer,124965
23713.750457356517,3,1935,790,3,4,2014,1Fam,BrkSide,99773
27706.750457356517,4,2015,1701,7,5,2010,1Fam,NridgHt,306355
25513.750457356517,4,1983,1656,8,10,2017,Duplex,NWAmes,134501
29826.750457356517,4,1961,993,4,4,2021,2fmCon,NAmes,119369
26024.750457356517,6,1956,1857,7,7,2018,1Fam,NAmes,187990
28630.750457356517,5,1922,1615,7,4,2013,1Fam,Crawfor,199139
25709.750457356517,8,1942,696,4,5,2009,1Fam,Edwards,118326
24809.750457356517,5,1919,1519,7,8,2005,1Fam,IDOTRR,114375
30021.750457356517,4,1964,1173,5,10,1998,1Fam,Sawyer,136247
25027.750457356517,4,1986,1720,7,6,1999,1Fam,CollgCr,191426
23604.750457356517,4,1946,1038,5,2,2003,1Fam,NAmes,128273
32478.750457356517,3,2002,1525,7,5,2000,1Fam,StoneBr,258583
27665.750457356517,-1,1917,1081,5,11,1997,1Fam,OldTown,55307
22527.750457356517,5,1926,1171,5,9,1997,1Fam,BrkSide,115067
26314.750457356517,4,1955,1584,5,6,2017,1Fam,NAmes,159935
23737.750457356517,4,1996,1143,5,10,2002,1Fam,SawyerW,147088
27016.750457356517,4,2003,1437,5,3,2002,1Fam,CollgCr,201842
24517.750457356517,5,1919,1244,6,7,1998,1Fam,Edwards,116284
26465.750457356517,4,1952,1357,6,5,1999,1Fam,NAmes,162619
25361.750457356517,4,1971,921,5,6,2002,1Fam,NAmes,117096
31978.750457356517,4,1963,1377,6,10,1997,1Fam,Edwards,122409
21690.750457356517,5,1930,1621,5,10,2011,1Fam,OldTown,151687
23142.750457356517,4,1948,1009,6,12,2000,1Fam,NAmes,130860
26296.750457356517,3,2002,2724,8,5,2014,1Fam,NoRidge,350023
30570.750457356517,4,1949,1336,6,5,2017,1Fam,NAmes,172883
24988.750457356517,5,1921,1631,5,4,2014,1Fam,BrkSide,209564
26408.750457356517,4,2009,1948,8,3,2012,1Fam,NridgHt,394185
25018.750457356517,4,1969,1247,6,2,2010,1Fam,NAmes,159320
26098.750457356517,4,1944,1698,6,11,2007,1Fam,Edwards,127805
26776.750457356517,4,1982,977,5,2,1999,1Fam,NAmes,143667
18721.750457356517,3,1997,1633,5,10,2005,Twnhs,NridgHt,154327
20781.750457356517,3,1936,1511,6,6,2009,1Fam,SWISU,160365
34461.75045735652,6,1959,2458,8,9,1996,1Fam,NAmes,278728
25362.750457356517,4,1916,1830,5,2,2013,1Fam,IDOTRR,150791
23465.750457356517,3,1943,1900,7,4,2007,1Fam,NAmes,138256
23810.750457356517,3,2004,1807,6,3,1998,1Fam,Somerst,206165
26137.750457356517,3,1996,2028,8,6,2015,1Fam,SawyerW,240239
24435.750457356517,4,2003,1566,5,8,2011,1Fam,Somerst,196185
24777.750457356517,2,1946,1384,6,6,2005,1Fam,NAmes,165495
22335.750457356517,7,1921,996,4,10,2008,1Fam,IDOTRR,125449
25829.750457356517,4,1987,2239,10,1,2017,Duplex,Edwards,141617
21199.750457356517,3,1971,959,5,2,2015,TwnhsE,NPkVill,128563
18145.750457356517,1,1976,1097,5,3,2000,Twnhs,MeadowV,75111
24710.750457356517,4,1974,871,6,5,2006,2fmCon,Sawyer,120006
24472.750457356517,6,1934,1030,6,6,2012,1Fam,Edwards,124346
29629.750457356517,4,2004,2747,9,10,2015,1Fam,NridgHt,388765
35761.75045735652,3,1978,1433,5,7,2009,1Fam,Veenker,191565
24326.750457356517,4,1894,2143,11,10,1997,1Fam,OldTown,105508
31851.750457356517,4,1977,1126,6,3,2012,1Fam,NWAmes,174379
19438.750457356517,3,2002,1499,6,4,2011,TwnhsE,Blmngtn,180244
30302.750457356517,3,1995,1773,7,1,2006,1Fam,CollgCr,192695
23292.750457356517,6,1905,1345,5,1,2018,2fmCon,Edwards,107339
26269.750457356517,4,1995,1529,6,8,1996,1Fam,Somerst,237027
26314.750457356517,5,1948,1229,5,5,2000,1Fam,NAmes,135072
29986.750457356517,3,2016,2941,9,10,2006,1Fam,StoneBr,438072
30204.750457356517,4,1990,2254,6,3,2016,1Fam,ClearCr,328460
18557.750457356517,5,1983,1050,3,4,2013,Twnhs,NPkVill,142206
23126.750457356517,5,1911,1347,6,3,2007,1Fam,IDOTRR,126810
37147.75045735652,3,1952,2256,7,10,2011,1Fam,Crawfor,217882
25217.750457356517,3,2014,2097,9,6,2014,1Fam,NridgHt,250706
26925.750457356517,3,1967,1718,10,11,1999,Duplex,NAmes,118807
26227.750457356517,3,1992,1423,7,11,2015,1Fam,Gilbert,170688
24718.750457356517,4,1997,1465,7,4,2017,1Fam,Gilbert,180032
22130.750457356517,6,1925,812,5,5,2019,1Fam,IDOTRR,119790
26074.750457356517,5,1996,991,5,9,2011,1Fam,CollgCr,143593
23650.750457356517,4,1994,1131,5,3,1998,1Fam,Sawyer,151625
25872.750457356517,3,2004,1470,5,12,2000,1Fam,Somerst,244824
24884.750457356517,4,1973,901,5,1,2003,1Fam,Sawyer,115310
50170.75045735652,5,1971,1683,5,5,2009,1Fam,Mitchel,195913
29416.750457356517,5,1983,1192,6,6,2007,2fmCon,NWAmes,147018
26483.750457356517,5,2011,1751,6,7,2013,1Fam,Somerst,227179
24056.750457356517,4,2008,1867,5,11,2013,TwnhsE,NridgHt,319451
29070.750457356517,4,1991,1404,4,7,2011,1Fam,Mitchel,244410
22579.750457356517,4,1914,1491,9,5,2016,1Fam,OldTown,127875
25040.750457356517,3,2012,1453,5,9,1996,1Fam,CollgCr,192827
56438.75045735652,4,2004,4699,11,10,2018,1Fam,Edwards,184280
23652.750457356517,6,1947,1100,5,7,2004,1Fam,NAmes,135392
28495.750457356517,4,2014,1731,8,9,1996,1Fam,NridgHt,294203
27922.750457356517,3,2006,2006,5,7,2006,1Fam,NoRidge,351716
28111.750457356517,4,2002,1504,5,6,1998,1Fam,CollgCr,202281
28758.750457356517,6,1991,1432,7,4,2010,1Fam,NWAmes,182457
24261.750457356517,4,1974,1425,5,6,2010,1Fam,Edwards,159062
27534.750457356517,4,1973,1374,5,10,1994,1Fam,Sawyer,147258
29137.750457356517,4,2005,1423,6,3,2003,1Fam,Somerst,268038
22526.750457356517,6,1936,1578,8,5,2010,1Fam,BrkSide,163715
26578.750457356517,5,1984,1400,5,6,2007,1Fam,SawyerW,161553
27600.750457356517,4,2016,2180,9,6,2014,1Fam,NridgHt,333526
28165.750457356517,4,1981,1448,4,5,2012,1Fam,Gilbert,181463
26262.750457356517,4,1971,1098,6,5,2000,1Fam,NWAmes,154848
23827.750457356517,3,1942,1965,9,7,2008,Duplex,OldTown,124851
21650.750457356517,4,1923,1483,5,9,2013,1Fam,OldTown,118308
22269.750457356517,6,1961,901,4,8,1998,1Fam,OldTown,107415
22243.750457356517,7,1938,1089,4,7,2006,1Fam,IDOTRR,120024
32255.750457356517,4,1980,1348,6,8,1998,1Fam,Mitchel,188167
23173.750457356517,2,1950,1355,5,6,1999,1Fam,ClearCr,129814
44037.75045735652,2,1961,1616,6,10,2008,1Fam,Mitchel,80383
23746.750457356517,3,1998,1491,7,5,2018,1Fam,SawyerW,181225
26718.750457356517,6,1961,1106,5,11,2013,1Fam,NAmes,138569
23364.750457356517,4,1957,1354,6,2,2012,1Fam,NAmes,129723
29366.750457356517,3,1997,1136,6,3,2004,1Fam,SawyerW,142105
24140.750457356517,4,1972,921,5,4,2006,TwnhsE,SawyerW,98945
24906.750457356517,6,1976,942,4,10,2005,Duplex,NAmes,144973
29308.750457356517,3,1994,2228,8,11,2008,1Fam,Gilbert,222668
25813.750457356517,3,1957,1248,6,3,2002,1Fam,NAmes,118539
24379.750457356517,6,1948,1047,5,5,2010,1Fam,NAmes,156398
25260.750457356517,5,1947,1382,6,11,2017,1Fam,IDOTRR,141556
22510.750457356517,4,1988,1689,6,6,2006,1Fam,StoneBr,248227
23446.750457356517,3,1997,1598,6,6,2006,1Fam,SawyerW,176587
27027.750457356517,5,1877,1045,6,7,2018,1Fam,OldTown,100101
25189.750457356517,4,1938,815,2,5,2011,1Fam,Edwards,99470
29136.750457356517,7,1914,1564,7,4,2018,1Fam,OldTown,160090
28421.750457356517,5,1977,1416,7,6,1998,1Fam,NWAmes,174481
26211.750457356517,5,1970,965,4,4,2003,1Fam,CollgCr,129031
25357.750457356517,6,1917,1925,9,3,2010,2fmCon,OldTown,136645
23333.750457356517,5,1914,639,3,3,2014,1Fam,IDOTRR,85105
24980.750457356517,3,2011,1552,5,7,1998,1Fam,Somerst,234011
26470.750457356517,3,1960,1368,5,6,2019,1Fam,NAmes,162399
19265.750457356517,-1,1916,2126,10,9,2014,Duplex,OldTown,62243
25111.750457356517,6,1972,910,4,12,2002,1Fam,NAmes,147062
24733.750457356517,3,1911,1309,6,7,2019,1Fam,IDOTRR,39778
26160.750457356517,4,1959,970,5,4,2017,1Fam,CollgCr,129034
25857.750457356517,5,1899,1432,7,4,2004,1Fam,OldTown,131482
23649.750457356517,4,1975,1129,5,3,2014,1Fam,Sawyer,152339
20023.750457356517,4,1990,1449,6,8,2002,TwnhsE,Somerst,156897
25888.750457356517,5,1971,1488,5,1,2012,1Fam,NAmes,141265
29160.750457356517,6,1931,2278,6,4,2002,1Fam,Sawyer,218355
29161.750457356517,4,1956,916,4,9,2002,1Fam,Sawyer,144839
27483.750457356517,4,2004,1943,7,10,2014,1Fam,Gilbert,230289
22573.750457356517,5,1968,1042,6,3,2018,1Fam,Edwards,132866
30431.750457356517,7,1938,3437,11,4,2008,1Fam,Crawfor,379829
20533.750457356517,4,2004,1244,4,5,1996,TwnhsE,Somerst,164757
19438.750457356517,4,2000,1270,6,3,2009,1Fam,Blmngtn,159804
31559.750457356517,3,1959,1683,8,4,2021,1Fam,ClearCr,172548
20977.750457356517,6,1934,1236,4,7,2007,1Fam,BrkSide,122256
31595.750457356517,3,2000,1463,6,8,1999,1Fam,Somerst,284066
31722.750457356517,4,2017,2402,10,4,2014,1Fam,NridgHt,554153
29093.750457356517,2,1916,1143,6,1,2014,2fmCon,Sawyer,95274
23484.750457356517,1,1941,1232,6,10,2017,1Fam,NAmes,101869
26370.750457356517,5,1971,1273,5,6,2012,1Fam,NAmes,174754
25940.750457356517,3,1991,1092,5,4,2000,1Fam,SawyerW,152422
25201.750457356517,4,1957,2152,6,5,2015,1Fam,NAmes,177516
23463.750457356517,5,1940,900,5,4,2019,1Fam,NAmes,134064
23472.750457356517,5,1966,829,5,4,2007,1Fam,NAmes,108007
27769.750457356517,4,1960,884,4,5,2009,1Fam,NAmes,116683
24658.750457356517,3,1974,1658,9,10,2005,Duplex,Mitchel,144873
26489.750457356517,5,1920,570,4,4,1997,1Fam,IDOTRR,75005
26920.750457356517,5,1975,890,5,1,2007,1Fam,CollgCr,128011
28579.750457356517,4,1982,2607,9,4,2021,1Fam,NoRidge,326297
23608.750457356517,4,2011,1351,5,10,1997,TwnhsE,NridgHt,216833
25870.750457356517,5,1959,895,4,4,2011,1Fam,NAmes,135008
27215.750457356517,4,1992,2276,7,5,1999,1Fam,NoRidge,247835
25863.750457356517,4,1990,1639,7,5,2001,1Fam,Gilbert,184169
32361.750457356517,4,2008,1612,5,6,1994,1Fam,NridgHt,251455
26343.750457356517,2,1900,1896,9,0,2011,2fmCon,OldTown,121847
19505.750457356517,3,1994,1463,5,5,2016,TwnhsE,Somerst,175463
27580.750457356517,3,1995,1677,6,6,1996,1Fam,CollgCr,285819
27440.750457356517,4,1963,2115,7,3,2016,1Fam,NAmes,245254
32610.750457356517,4,1996,1433,5,5,1997,1Fam,CollgCr,186010
26622.750457356517,7,1930,713,5,9,2006,1Fam,OldTown,99976
24871.750457356517,3,2012,1863,6,6,2015,1Fam,Somerst,251669
27331.750457356517,4,2002,2283,8,5,2013,1Fam,NoRidge,246684
27368.750457356517,3,2001,1351,4,5,2002,1Fam,CollgCr,220232
25664.750457356517,6,1950,1632,5,6,2007,1Fam,Edwards,154345
26611.750457356517,4,1986,1787,6,3,2020,1Fam,CollgCr,197327
24366.750457356517,3,1997,1828,7,9,2002,1Fam,Somerst,266031
26986.750457356517,4,1996,2865,8,3,1997,1Fam,NoRidge,285451
29843.750457356517,8,1888,2768,8,6,2012,1Fam,OldTown,323782
24702.750457356517,3,1979,1052,5,10,2013,1Fam,NAmes,138524
28638.750457356517,3,1998,1360,5,5,2014,TwnhsE,NridgHt,191964
27396.750457356517,2,1946,849,3,2,2007,1Fam,IDOTRR,68072
32248.750457356517,3,2013,2878,10,6,1997,1Fam,StoneBr,553459
29057.750457356517,3,2011,2347,10,0,2016,1Fam,NridgHt,377082
32370.750457356517,3,1997,1848,8,3,1996,1Fam,NridgHt,324437
19768.750457356517,5,1942,1287,5,3,2018,1Fam,OldTown,110420
31663.750457356517,3,1952,1765,7,7,2013,1Fam,Sawyer,165284
25703.750457356517,5,1934,1586,5,8,2003,1Fam,NAmes,132263
26564.750457356517,3,2004,1319,5,10,2009,1Fam,Gilbert,171001
24704.750457356517,3,1996,1490,7,4,2018,1Fam,CollgCr,212090
28004.750457356517,6,1914,1816,8,4,1999,1Fam,BrkSide,203516
18818.750457356517,4,2003,1217,4,7,1995,Twnhs,Somerst,149679
28015.750457356517,3,2001,1538,7,5,2002,1Fam,CollgCr,217272
18149.750457356517,2,1974,1092,6,4,1999,Twnhs,MeadowV,75448
31893.750457356517,5,1908,1672,8,2,2017,1Fam,Crawfor,177882
26466.750457356517,3,2009,1504,6,0,2001,1Fam,SawyerW,203111
28104.750457356517,3,2006,1798,5,8,2003,1Fam,NridgHt,375553
32442.750457356517,3,1994,1115,4,3,2003,1Fam,Gilbert,187671
28645.750457356517,6,1922,1198,6,8,2004,1Fam,Edwards,109827
28621.750457356517,4,2013,2536,10,6,2013,1Fam,StoneBr,349827
48823.75045735652,2,1962,1626,6,3,2014,2fmCon,Mitchel,168887
18358.750457356517,4,1977,832,4,10,1999,TwnhsE,NPkVill,128861
26022.750457356517,5,1983,991,5,10,2001,1Fam,CollgCr,143289
25665.750457356517,5,1937,1634,6,6,1999,1Fam,Edwards,155158
24294.750457356517,5,1977,920,4,3,1998,1Fam,CollgCr,109910
29763.750457356517,3,1996,2303,10,5,1997,1Fam,NridgHt,449737
22379.750457356517,5,1934,1322,6,1,2008,1Fam,BrkSide,110349
25027.750457356517,4,2007,1316,6,6,1995,1Fam,CollgCr,165930
23895.750457356517,7,1901,1806,7,5,2006,2fmCon,OldTown,140249
19253.750457356517,3,1993,1527,4,5,2008,TwnhsE,Somerst,166267
27602.750457356517,6,1921,1980,6,2,2013,1Fam,Crawfor,218930
22116.750457356517,3,2001,1342,5,6,1998,TwnhsE,NAmes,183014
26222.750457356517,4,1982,2191,9,7,2016,1Fam,NoRidge,287034
26870.750457356517,3,1988,1154,6,6,2006,Duplex,Edwards,159443
23658.750457356517,4,1969,1058,6,4,1995,1Fam,Sawyer,132544
27163.750457356517,4,2003,1461,8,6,2002,1Fam,Gilbert,184250
24181.750457356517,5,1944,1035,6,6,1996,1Fam,NAmes,135324
23699.750457356517,3,2015,1602,7,4,2000,1Fam,Gilbert,193296
24476.750457356517,6,1925,1031,5,6,1999,1Fam,Edwards,125326
41404.75045735652,2,1971,1622,8,5,2001,Duplex,Mitchel,142817
24776.750457356517,6,1913,1515,6,8,1997,1Fam,IDOTRR,114876
18566.750457356517,4,1968,1442,6,4,1997,Twnhs,NPkVill,147880
23567.750457356517,5,1946,974,4,7,2017,1Fam,IDOTRR,101637
22571.750457356517,6,1877,1020,5,4,2015,1Fam,Sawyer,93832
24575.750457356517,3,1996,1565,6,9,2011,1Fam,Timber,268117
19874.750457356517,4,1982,1323,4,5,2015,Twnhs,Landmrk,136558
21364.750457356517,4,2007,1309,5,2,2002,Twnhs,NridgHt,185241
33470.75045735652,4,2002,2287,7,8,2010,1Fam,NridgHt,498072
26829.750457356517,3,1908,1704,7,7,2016,2fmCon,OldTown,95171
26922.750457356517,3,1905,1690,7,7,2010,2fmCon,OldTown,95129
24051.750457356517,6,1918,2077,8,4,2005,1Fam,BrkSide,209523
25320.750457356517,4,1961,923,4,7,2016,1Fam,NAmes,117235
25482.750457356517,3,2012,1602,7,7,2004,1Fam,Gilbert,201325
29029.750457356517,4,1979,2053,8,3,2017,Duplex,Mitchel,169037
23759.750457356517,2,1918,1123,5,4,2003,1Fam,IDOTRR,68434
25887.750457356517,5,1941,1183,5,4,2010,1Fam,OldTown,120449
23488.750457356517,6,1966,768,4,4,2006,1Fam,CollgCr,133792
24812.750457356517,4,1923,939,6,4,2004,1Fam,IDOTRR,78275
25457.750457356517,3,1995,1596,7,6,2000,1Fam,Gilbert,202383
24788.750457356517,4,1991,1116,4,2,2019,1Fam,Edwards,139293
21836.750457356517,4,2005,1643,5,10,2001,TwnhsE,Crawfor,390756
30589.750457356517,4,2006,2329,8,5,2010,1Fam,NWAmes,305795
28796.750457356517,4,2008,1810,7,8,1995,1Fam,NridgHt,283150
23172.750457356517,4,1994,1351,6,8,2002,TwnhsE,NridgHt,212651
22283.750457356517,7,1945,1174,3,7,2020,1Fam,BrkSide,135100
36428.75045735652,5,1983,1747,4,5,2010,1Fam,ClearCr,278991
29529.750457356517,4,1949,1376,5,5,2011,1Fam,Sawyer,164275
26460.750457356517,3,2005,1527,5,5,1999,1Fam,Gilbert,175540
24681.750457356517,4,2003,1721,7,6,1997,1Fam,SawyerW,202115
28801.750457356517,4,1997,2781,10,6,1999,1Fam,NridgHt,457911
18629.750457356517,3,1972,1543,6,7,1999,TwnhsE,NPkVill,147299
28423.750457356517,7,1953,993,5,7,2014,1Fam,NAmes,178048
20844.750457356517,3,2017,1553,6,7,1996,Twnhs,NridgHt,210405
25891.750457356517,3,1998,1608,6,7,2004,1Fam,NridgHt,256124
33412.75045735652,6,1965,911,3,7,1999,1Fam,NAmes,127594
23877.750457356517,3,1996,1365,6,6,1995,TwnhsE,NridgHt,193975
27495.750457356517,5,1925,1984,6,3,2005,1Fam,Crawfor,220975
25081.750457356517,5,1954,1573,6,5,2004,2fmCon,NAmes,185984
26426.750457356517,4,1993,1697,6,2,2015,1Fam,Gilbert,159258
24632.750457356517,4,1963,939,4,6,2017,1Fam,Sawyer,134226
24915.750457356517,3,1987,1416,4,5,1998,1Fam,CollgCr,193628
18558.750457356517,4,1965,1050,3,7,2019,Twnhs,NPkVill,122592
26608.750457356517,3,1977,1443,5,4,2007,1Fam,NWAmes,159722
20773.750457356517,3,1921,1518,6,7,2010,1Fam,SWISU,159675
32307.750457356517,3,2002,2810,11,3,2008,1Fam,StoneBr,456928
26839.750457356517,4,1962,1781,8,5,2005,1Fam,NAmes,135789
26016.750457356517,5,1946,1449,7,4,2009,1Fam,NAmes,158138
29466.750457356517,3,2016,1450,6,5,2006,1Fam,Gilbert,167213
26228.750457356517,3,2010,2087,7,5,2014,1Fam,NridgHt,339566
26941.750457356517,2,1950,2141,6,10,2003,1Fam,NAmes,138640
27342.750457356517,5,1982,1225,6,5,2006,1Fam,Veenker,161996
19611.750457356517,4,1999,1702,7,4,1997,TwnhsE,Edwards,129898
31674.750457356517,3,2015,1483,8,2,2016,1Fam,Gilbert,182920
26801.750457356517,4,1942,1635,5,4,2016,1Fam,Edwards,153525
23776.750457356517,3,1919,1134,5,4,2005,1Fam,IDOTRR,68678
25423.750457356517,4,2009,1646,6,9,1998,1Fam,CollgCr,251189
24702.750457356517,3,1991,1726,7,7,1995,1Fam,SawyerW,200390
26239.750457356517,6,1972,1488,6,3,2019,1Fam,Edwards,166073
23448.750457356517,6,1906,1600,7,3,2003,1Fam,OldTown,154727
24667.750457356517,3,2008,1691,7,4,2010,1Fam,Timber,231301
26704.750457356517,4,2009,1991,8,7,2011,1Fam,CollgCr,306995
23950.750457356517,1,1980,1442,7,8,2015,Duplex,Edwards,149759
25214.750457356517,3,2004,1347,8,10,1998,Duplex,Mitchel,209151
26871.750457356517,2,1975,1728,9,10,2011,Duplex,NAmes,119085
23774.750457356517,3,2002,1820,6,4,2000,1Fam,Somerst,205994
25338.750457356517,3,1969,1357,5,6,1998,1Fam,NAmes,168410
28215.750457356517,4,1926,2136,10,7,2003,1Fam,BrkSide,213848
25594.750457356517,5,1955,1295,6,9,2012,1Fam,NAmes,157907
26032.750457356517,7,1988,1473,6,3,1999,1Fam,Gilbert,185383
24519.750457356517,2,1922,1408,7,8,1994,1Fam,Edwards,83312
28181.750457356517,4,2013,1789,7,4,2004,1Fam,CollgCr,240237
23998.750457356517,4,2012,1143,5,0,2002,1Fam,SawyerW,139799
26921.750457356517,4,1907,1704,7,8,2015,2fmCon,OldTown,94605
23282.750457356517,4,2005,1092,5,6,2003,1Fam,Edwards,157583
21782.750457356517,5,1938,1314,6,3,2009,1Fam,OldTown,129835
24676.750457356517,6,1905,1641,5,10,2016,1Fam,OldTown,144271
27261.750457356517,4,2008,2273,8,5,2014,1Fam,NoRidge,246529
29013.750457356517,3,1989,1645,5,8,1998,1Fam,SawyerW,274366
23867.750457356517,3,1958,1803,8,3,2015,1Fam,NAmes,145197
24705.750457356517,5,1958,893,5,8,1995,1Fam,NAmes,139860
28523.750457356517,3,1997,1961,6,10,2010,1Fam,Somerst,420909
20705.750457356517,4,2012,848,3,4,2010,TwnhsE,CollgCr,143204
27084.750457356517,5,1942,1622,5,6,2013,1Fam,NAmes,146033
34249.75045735652,4,1999,3384,10,9,2012,1Fam,StoneBr,548282
25294.750457356517,3,2013,1601,6,4,2013,1Fam,Somerst,220576
20739.750457356517,3,1942,1517,6,6,1998,1Fam,SWISU,159397
27361.750457356517,3,1966,1968,6,9,2011,1Fam,Mitchel,171672
22920.750457356517,4,1927,1425,5,9,2019,1Fam,BrkSide,148351
28710.750457356517,4,1994,884,5,3,2011,1Fam,Mitchel,137890
27226.750457356517,4,2012,2018,10,3,2015,1Fam,Somerst,309302
25289.750457356517,7,1938,2336,8,5,2019,1Fam,Crawfor,267663
32128.750457356517,5,1981,1348,6,9,2005,1Fam,Mitchel,186879
31099.750457356517,4,2004,2087,7,6,2002,1Fam,NridgHt,382735
26281.750457356517,5,1949,1052,5,7,2011,1Fam,NAmes,145128
21342.750457356517,4,1988,2086,6,8,2004,TwnhsE,StoneBr,207777
25771.750457356517,3,1948,931,5,4,1996,1Fam,Edwards,99064
22094.750457356517,6,1949,1164,5,7,2001,1Fam,OldTown,126907
19451.750457356517,4,1999,1199,4,6,2014,TwnhsE,Somerst,151683
21214.750457356517,3,1999,1595,4,8,1996,TwnhsE,StoneBr,286627
32018.750457356517,7,1918,1313,5,7,2019,1Fam,OldTown,129764
27470.750457356517,4,1957,1035,5,2,2018,1Fam,Sawyer,129549
23444.750457356517,5,1947,854,4,2,2021,1Fam,BrkSide,117019
22296.750457356517,5,1931,1234,6,1,2004,1Fam,BrkSide,127467
29364.750457356517,3,2008,1499,6,4,2005,1Fam,CollgCr,208889
24541.750457356517,3,1984,1298,5,11,2011,TwnhsE,GrnHill,229578
25831.750457356517,4,1955,1151,6,10,1998,1Fam,NAmes,144334
19456.750457356517,3,1999,1203,4,5,2009,TwnhsE,Somerst,151081
33307.75045735652,3,1987,1579,7,0,2007,1Fam,NWAmes,181334
26250.750457356517,4,1985,2054,7,8,2007,1Fam,ClearCr,211530
25545.750457356517,3,1963,1222,5,0,2007,1Fam,NAmes,128984
24338.750457356517,7,1948,1044,6,5,2013,1Fam,NAmes,156379
23237.750457356517,4,1965,859,4,10,2005,1Fam,NAmes,120858
29978.750457356517,3,1959,1923,7,6,1996,1Fam,Sawyer,171784
24361.750457356517,4,2017,1843,8,10,2014,1Fam,Somerst,265983
24551.750457356517,1,1921,860,5,9,2004,1Fam,Edwards,66672
25240.750457356517,4,2017,1331,5,5,2000,1Fam,Somerst,209677
23444.750457356517,5,1948,903,4,4,2013,1Fam,NAmes,135511
26429.750457356517,3,2005,1844,8,7,2018,Duplex,CollgCr,184291
31880.750457356517,4,1953,2083,9,10,2005,1Fam,ClearCr,164462
21320.750457356517,4,1975,2084,5,8,2007,TwnhsE,StoneBr,207856
21474.750457356517,4,1930,765,3,5,1998,1Fam,OldTown,72971
26951.750457356517,4,1995,2035,8,8,2006,1Fam,NridgHt,283909
30495.750457356517,4,2013,2181,8,8,1995,1Fam,NridgHt,279151
23236.750457356517,3,1981,1055,3,6,2004,Duplex,OldTown,144678
21664.750457356517,4,1933,599,3,6,2017,1Fam,OldTown,58665
24091.750457356517,7,1973,910,5,9,1997,1Fam,Sawyer,128729
17564.750457356517,5,1983,1235,5,5,2016,TwnhsE,Blueste,123785
25797.750457356517,4,1989,1585,6,7,2006,1Fam,NWAmes,189113
39690.75045735652,4,2004,2510,10,5,2016,1Fam,NridgHt,411965
30517.750457356517,5,1883,1537,6,3,2018,1Fam,OldTown,138721
33717.75045735652,6,1967,1893,6,4,2018,1Fam,Crawfor,333282
32281.750457356517,4,2002,2701,11,7,2013,1Fam,StoneBr,534285
23603.750457356517,4,2019,1452,5,1,2006,1Fam,SawyerW,223466
29841.750457356517,5,1964,931,5,11,2012,1Fam,Sawyer,136424
24451.750457356517,1,1920,864,4,6,2005,1Fam,Edwards,58766
27087.750457356517,5,1975,807,4,5,1996,1Fam,Sawyer,129245
29182.750457356517,3,2014,1762,7,6,2006,1Fam,NridgHt,268480
20727.750457356517,4,1912,1022,3,1,2005,1Fam,OldTown,89454
40228.75045735652,3,1995,1812,7,3,2004,1Fam,SawyerW,228660
26041.750457356517,6,1995,1468,5,4,1999,1Fam,Gilbert,185862
27044.750457356517,3,1995,1838,6,2,2012,1Fam,NridgHt,250835
27225.750457356517,4,2004,1575,7,12,2018,1Fam,Timber,238787
23762.750457356517,3,1996,1263,6,4,2006,1Fam,Somerst,175540
26953.750457356517,3,1966,1275,4,4,1997,1Fam,NAmes,167639
27656.750457356517,4,2002,2645,8,3,2014,1Fam,NoRidge,468126
24277.750457356517,4,2004,2050,7,8,2002,1Fam,Somerst,300075
26884.750457356517,6,1925,1500,7,8,2005,1Fam,Crawfor,164953
26447.750457356517,5,1936,866,3,7,2002,1Fam,OldTown,89634
22257.750457356517,5,1910,1248,7,12,2013,Duplex,OldTown,93655
23484.750457356517,4,1982,1194,6,10,2002,1Fam,Gilbert,165384
24133.750457356517,1,1913,1335,6,4,2000,1Fam,Edwards,91462
31972.750457356517,4,1946,1390,6,10,2004,1Fam,Edwards,121354
27274.750457356517,3,2011,1572,6,11,1996,1Fam,Timber,237925
22540.750457356517,5,1934,1181,5,8,2014,1Fam,BrkSide,114524
28727.750457356517,4,1949,1094,6,4,1999,1Fam,NAmes,140849
24543.750457356517,6,1974,1877,7,4,2004,Duplex,SawyerW,159910
25887.750457356517,4,1966,1073,4,2,2013,1Fam,Edwards,121856
41584.75045735652,5,1921,1424,7,8,2007,1Fam,Sawyer,112526
27003.750457356517,2,1898,2402,9,4,2014,2fmCon,OldTown,159944
20327.750457356517,6,1935,1375,6,5,2010,1Fam,OldTown,128947
26899.750457356517,3,2002,1675,8,5,2002,1Fam,CollgCr,232230
22478.750457356517,6,1937,1427,6,7,1995,1Fam,BrkSide,130961
22284.750457356517,4,1940,1413,5,5,2002,1Fam,BrkSide,132562
24530.750457356517,5,1955,1091,3,6,2009,1Fam,Edwards,110571
20362.750457356517,3,1934,690,3,3,2003,1Fam,OldTown,52423
39521.75045735652,3,2007,2010,9,9,2006,1Fam,Gilbert,273334
30514.750457356517,3,1991,1917,9,3,2004,1Fam,Timber,202154
41355.75045735652,3,1975,1622,7,6,2007,Duplex,Mitchel,142604
30656.750457356517,3,2010,2129,6,11,2013,1Fam,NridgHt,344569
27398.750457356517,3,1997,1359,5,5,2014,1Fam,CollgCr,221191
26873.750457356517,4,2014,2446,8,5,2011,1Fam,Somerst,265495
25303.750457356517,4,1962,1398,7,9,2010,2fmCon,IDOTRR,115191
28557.750457356517,6,1986,2129,5,8,2003,1Fam,SawyerW,316243
27015.750457356517,4,1950,1247,6,10,2017,1Fam,NAmes,141526
22233.750457356517,5,1935,1316,6,7,2014,1Fam,BrkSide,128307
29787.750457356517,8,1885,2782,9,7,2019,1Fam,OldTown,323476
25997.750457356517,3,2009,1959,8,1,2011,1Fam,Somerst,253073
27040.750457356517,4,1997,974,5,8,2002,1Fam,Mitchel,93608
29402.750457356517,4,2007,1125,6,3,1999,1Fam,SawyerW,132351
28485.750457356517,7,1924,1473,6,3,2014,1Fam,SWISU,140737
32292.750457356517,4,1999,2797,10,3,1997,1Fam,StoneBr,454912
29962.750457356517,4,1955,1738,8,5,2008,1Fam,Edwards,139054
19962.750457356517,4,2014,1075,5,5,2016,TwnhsE,Edwards,139192
32271.750457356517,3,1999,2801,9,0,2007,1Fam,StoneBr,400051
20593.750457356517,4,1957,1320,5,2,2001,2fmCon,IDOTRR,100017
30504.750457356517,4,2004,2169,8,8,2018,1Fam,NridgHt,280262
26109.750457356517,4,1972,1112,5,7,2001,1Fam,Mitchel,170396
28869.750457356517,6,1991,1439,7,4,1995,1Fam,NWAmes,182263
26383.750457356517,4,1997,1875,6,10,1996,TwnhsE,NridgHt,337405
24437.750457356517,4,1949,536,3,4,2012,1Fam,IDOTRR,81921
23973.750457356517,2,1965,1438,8,8,2005,Duplex,Edwards,149876
23843.750457356517,5,1986,841,4,5,2001,1Fam,Mitchel,129235
30235.750457356517,3,2000,2263,7,4,2002,1Fam,ClearCr,329798
26275.750457356517,5,1975,1194,6,6,2004,1Fam,Edwards,144360
24669.750457356517,6,1946,1344,5,5,2005,1Fam,Sawyer,151903
27148.750457356517,3,2016,1508,6,8,2007,1Fam,Somerst,198781
25345.750457356517,4,2005,1490,7,5,1997,1Fam,Mitchel,208965
23120.750457356517,4,1948,1153,5,7,2011,Duplex,Edwards,82022
23317.750457356517,3,1993,1087,4,6,1996,1Fam,Edwards,157152
48800.75045735652,2,1968,1617,7,2,2003,2fmCon,Mitchel,167019
20315.750457356517,6,1917,867,3,7,2008,1Fam,Edwards,99591
31040.750457356517,4,1999,1456,5,11,2014,1Fam,CollgCr,206578
23773.750457356517,3,2015,1095,5,6,2010,1Fam,SawyerW,146122
23123.750457356517,6,1930,1304,7,8,1995,1Fam,Crawfor,146869
25605.750457356517,4,1993,1601,6,6,2000,1Fam,CollgCr,180048
27071.750457356517,2,1963,1636,5,6,2014,1Fam,Sawyer,140393
26490.750457356517,3,2002,1663,7,4,2012,1Fam,Somerst,291182
27153.750457356517,3,2005,2114,5,7,2009,1Fam,NoRidge,272153
24759.750457356517,3,1947,1036,6,6,2007,Duplex,NAmes,93063
17764.750457356517,3,1982,1096,4,5,2011,Twnhs,MeadowV,85598
28388.750457356517,5,1977,1872,7,0,2003,1Fam,NWAmes,177792
18802.750457356517,3,2006,1220,4,7,2008,Twnhs,Somerst,147916
29751.750457356517,4,2019,1813,7,2,2014,1Fam,NridgHt,323492
20262.750457356517,4,2005,1252,4,3,1999,TwnhsE,Somerst,171247
25303.750457356517,5,1943,1116,4,3,2012,1Fam,Edwards,95293
21242.750457356517,4,1929,806,4,11,2012,1Fam,IDOTRR,87083
28711.750457356517,6,1959,1006,5,4,1998,1Fam,Mitchel,140264
27600.750457356517,-1,1908,1092,5,10,2010,1Fam,OldTown,54833
23264.750457356517,5,1928,1317,5,5,2009,1Fam,OldTown,112114
24277.750457356517,4,1995,1343,5,7,2010,1Fam,Timber,179689
22148.750457356517,4,2005,1571,6,3,2012,TwnhsE,NridgHt,283394
22629.750457356517,6,1877,1018,5,5,2018,1Fam,Sawyer,94506
28097.750457356517,3,1999,1797,5,7,1994,1Fam,NridgHt,372040
27578.750457356517,3,1939,1918,9,7,2008,Duplex,NAmes,136414
24402.750457356517,5,1954,863,4,3,2013,1Fam,Edwards,115075
24546.750457356517,4,1958,860,5,11,2013,1Fam,Sawyer,62568
23479.750457356517,7,1967,871,4,10,2012,1Fam,CollgCr,117047
26142.750457356517,3,2016,1135,7,12,1998,1Fam,OldTown,142598
25472.750457356517,3,2002,1642,7,8,2012,1Fam,CollgCr,251252
27785.750457356517,4,1985,1513,6,1,1999,1Fam,SawyerW,224506
26686.750457356517,2,1904,1209,6,0,2014,1Fam,OldTown,104962
30557.750457356517,2,1960,1006,5,6,2013,1Fam,Sawyer,116089
20663.750457356517,3,2013,1375,6,7,2017,TwnhsE,Somerst,212794
29842.750457356517,3,2003,2663,7,11,1999,1Fam,NridgHt,493791
29820.750457356517,8,1890,2788,9,7,2004,1Fam,OldTown,326876
27939.750457356517,4,2001,1766,6,5,2018,1Fam,CollgCr,207117
32398.750457356517,4,2005,2690,10,6,2000,1Fam,StoneBr,535959
27299.750457356517,3,2000,1968,7,9,2015,1Fam,NridgHt,280619
27048.750457356517,3,1986,1884,7,10,2002,1Fam,Gilbert,195482
30199.750457356517,3,2014,2219,9,7,2009,1Fam,NridgHt,300104
25131.750457356517,4,2015,2082,10,6,2007,1Fam,NridgHt,249968
26429.750457356517,3,1915,1455,5,6,2009,1Fam,OldTown,102403
24674.750457356517,5,1973,895,5,7,1998,1Fam,NAmes,139440
22258.750457356517,6,1922,1460,6,6,2017,1Fam,OldTown,139342
18709.750457356517,3,2014,1624,6,10,2004,Twnhs,NridgHt,154861
48033.75045735652,4,1952,1647,7,5,2012,1Fam,NAmes,214545
26906.750457356517,3,2016,1719,7,9,2019,1Fam,CollgCr,295943
23619.750457356517,4,1966,1170,6,3,2004,1Fam,NAmes,140328
22715.750457356517,3,2006,1370,6,10,1996,TwnhsE,NridgHt,202759
23439.750457356517,4,1964,1125,6,10,2009,1Fam,Edwards,124437
22137.750457356517,3,1908,1872,9,5,2013,2fmCon,OldTown,97268
26105.750457356517,4,2002,1568,5,3,2002,1Fam,CollgCr,226493
18635.750457356517,5,1981,1357,6,4,2019,TwnhsE,BrDale,125298
26940.750457356517,5,1982,897,4,2,2012,1Fam,CollgCr,128760
27429.750457356517,4,2006,1946,6,11,1999,1Fam,Gilbert,230941
33859.75045735652,8,1978,2361,7,6,2013,1Fam,Crawfor,313736
24405.750457356517,4,1945,1471,6,4,1997,1Fam,Edwards,134650
26347.750457356517,3,2003,1846,8,7,2010,Duplex,CollgCr,184772
18823.750457356517,4,1988,1423,5,4,2000,Twnhs,Somerst,154720
24548.750457356517,3,2016,1559,6,9,2000,1Fam,Timber,268738
29294.750457356517,4,2008,2940,10,7,1996,1Fam,NridgHt,342772
18262.750457356517,3,1979,1086,6,0,2013,Twnhs,MeadowV,74589
23356.750457356517,4,1956,861,4,5,2015,1Fam,NAmes,129650
26727.750457356517,4,1931,1640,6,3,2004,1Fam,SWISU,115261
24165.750457356517,4,1998,1215,4,8,1999,1Fam,Somerst,209041
26600.750457356517,6,1975,1073,5,6,2008,1Fam,NAmes,155626
20128.750457356517,4,1977,1232,3,0,2000,Twnhs,Greens,204766
25037.750457356517,3,1999,1955,7,8,2002,1Fam,CollgCr,239342
27359.750457356517,3,2006,2304,8,2,2012,1Fam,Edwards,229587
25318.750457356517,5,1931,935,3,8,2015,1Fam,BrkSide,79708
27415.750457356517,3,1995,1718,6,7,2004,1Fam,NridgHt,255541
25395.750457356517,6,1959,1492,6,8,1998,1Fam,NWAmes,186704
23737.750457356517,4,1996,1455,5,6,2019,1Fam,Somerst,238965
24278.750457356517,3,1991,1725,6,9,2017,TwnhsE,StoneBr,238086
27286.750457356517,4,1990,2278,8,5,2007,1Fam,NoRidge,248642
29969.750457356517,4,1966,1929,8,7,2017,1Fam,Sawyer,173506
22516.750457356517,4,1937,1365,5,11,2015,1Fam,BrkSide,126940
24496.750457356517,4,2015,1510,6,4,1995,1Fam,Somerst,247650
24317.750457356517,4,1989,989,4,8,2015,1Fam,CollgCr,122881
20072.750457356517,3,2009,1646,4,6,2002,TwnhsE,Crawfor,249481
25043.750457356517,3,1982,1517,7,6,2012,1Fam,Gilbert,181657
32420.750457356517,4,2015,1534,6,5,2019,1Fam,StoneBr,259140
23335.750457356517,5,1929,1141,4,6,2006,1Fam,BrkSide,137771
22247.750457356517,5,1937,1420,5,3,2021,1Fam,BrkSide,139277
23501.750457356517,4,2002,1302,5,8,1996,1Fam,Somerst,187739
26804.750457356517,3,1995,2045,7,2,2013,1Fam,SawyerW,229831
21383.750457356517,4,2001,1104,3,2,2000,TwnhsE,Somerst,149239
28331.750457356517,5,1999,1756,8,5,2001,1Fam,Gilbert,164753
25465.750457356517,4,1969,1429,6,12,1998,1Fam,NAmes,165611
25457.750457356517,4,1962,1653,7,10,2000,Duplex,NWAmes,135484
28467.750457356517,5,1929,3212,10,8,2002,1Fam,Crawfor,357128
23984.750457356517,3,2009,1144,4,0,1996,1Fam,SawyerW,138799
18157.750457356517,6,1962,627,2,6,2018,Twnhs,MeadowV,80753
30140.750457356517,4,2013,2551,8,10,2009,1Fam,NridgHt,478987
26627.750457356517,3,1995,1862,6,5,2017,1Fam,CollgCr,235149
27886.750457356517,3,1966,1160,6,7,1997,1Fam,Sawyer,158901
27660.750457356517,6,1965,1615,7,4,2008,1Fam,NWAmes,185717
30301.750457356517,3,1991,2246,7,3,2013,1Fam,ClearCr,329199
24890.750457356517,3,2006,1727,6,8,2010,1Fam,CollgCr,202794
20091.750457356517,3,2002,1651,4,12,1998,TwnhsE,Crawfor,300951
26540.750457356517,8,1974,959,2,4,1996,1Fam,Sawyer,145867
32623.750457356517,3,1981,911,4,1,2002,1Fam,CollgCr,129660
18530.750457356517,4,1997,1634,5,6,2003,Twnhs,NridgHt,173807
23470.750457356517,5,1913,1109,5,2,1998,1Fam,IDOTRR,100411
34467.75045735652,5,1968,1124,5,3,2001,1Fam,Gilbert,153568
25163.750457356517,4,1996,908,4,6,2003,1Fam,CollgCr,148038
49348.75045735652,4,1962,2472,8,10,2011,1Fam,OldTown,220626
25286.750457356517,2,1926,787,5,10,2002,1Fam,SawyerW,76432
30410.750457356517,3,1995,1811,8,2,2018,1Fam,NridgHt,258303
25385.750457356517,4,1918,930,4,8,2010,1Fam,BrkSide,79063
24050.750457356517,3,2009,1428,5,7,2020,1Fam,Gilbert,188388
25987.750457356517,5,1913,1522,7,8,2017,1Fam,OldTown,146490
28391.750457356517,5,1975,1442,6,7,2000,1Fam,NAmes,158490
33369.75045735652,6,1966,917,4,7,2001,1Fam,NAmes,128286
25692.750457356517,4,1980,985,3,9,1996,Duplex,Edwards,127960
23773.750457356517,3,1995,2303,6,8,2015,1Fam,Gilbert,204483
25278.750457356517,4,1874,1745,8,5,2002,1Fam,OldTown,124226
28647.750457356517,4,1977,1038,5,4,2006,1Fam,Mitchel,170233
24651.750457356517,4,1967,864,6,4,2015,2fmCon,Sawyer,119708
26036.750457356517,4,2003,1778,6,1,2019,1Fam,Somerst,226853
19443.750457356517,3,2005,1511,6,5,2013,TwnhsE,Blmngtn,181156
27030.750457356517,2,1899,2423,9,4,2016,2fmCon,OldTown,160714
24352.750457356517,4,1998,1406,5,10,2002,1Fam,Timber,202028
29985.750457356517,4,2011,1533,6,0,2011,1Fam,CollgCr,205682
29294.750457356517,3,1997,1501,5,7,2012,1Fam,Gilbert,187472
24223.750457356517,5,2003,1190,5,3,2003,1Fam,Gilbert,185866
22190.750457356517,2,1949,608,4,10,2015,1Fam,OldTown,45047
20309.750457356517,3,1999,1338,4,7,1998,TwnhsE,NAmes,181968
25205.750457356517,6,1954,1048,5,7,2002,1Fam,NAmes,149649
22441.750457356517,5,1970,904,5,7,2005,1Fam,Sawyer,126019
27886.750457356517,3,1994,1718,6,8,2010,1Fam,CollgCr,196975
32173.750457356517,4,1973,2205,8,9,2005,1Fam,NAmes,268646
27551.750457356517,4,1960,1059,5,6,2001,1Fam,Sawyer,153600
23462.750457356517,6,1939,988,5,5,2003,1Fam,NAmes,119369
21285.750457356517,2,1935,664,4,3,2015,1Fam,BrkSide,64301
33121.75045735652,4,2007,1775,7,3,1997,1Fam,NridgHt,294350
27819.750457356517,5,1963,885,4,4,1996,1Fam,NAmes,115344
31155.750457356517,3,2012,1778,6,6,2019,1Fam,CollgCr,298535
23625.750457356517,3,2010,1216,6,3,1998,1Fam,CollgCr,186674
27209.750457356517,4,2006,1565,7,11,2018,1Fam,Timber,237833
25383.750457356517,4,1985,2059,6,11,2001,1Fam,NoRidge,259381
18225.750457356517,4,1969,1554,5,7,2008,Twnhs,Blueste,150378
25750.750457356517,5,1961,1422,7,9,2008,1Fam,NAmes,155581
31273.750457356517,4,1999,1966,7,6,2015,1Fam,NridgHt,442046
25388.750457356517,3,1998,2058,7,11,1997,1Fam,NoRidge,258872
22301.750457356517,6,1924,1344,5,5,2006,1Fam,BrkSide,116325
25022.750457356517,3,2010,1553,5,7,2000,1Fam,Somerst,233565
25478.750457356517,3,2007,2849,8,3,2000,1Fam,NoRidge,402877
27511.750457356517,3,2009,1488,7,6,1998,1Fam,Somerst,231668
34199.75045735652,3,1941,890,5,7,2003,1Fam,IDOTRR,81090
26723.750457356517,5,1946,1842,6,0,2009,1Fam,NAmes,142787
29125.750457356517,4,1977,1491,8,6,1999,1Fam,Timber,150544
25822.750457356517,0,1904,1764,8,4,2006,1Fam,OldTown,86980
26085.750457356517,3,1973,901,4,1,2009,1Fam,Sawyer,122175
26020.750457356517,4,1948,1079,5,3,2005,1Fam,NAmes,142383
26896.750457356517,5,2001,1669,5,4,2019,1Fam,CollgCr,212059
20609.750457356517,4,1952,1313,5,2,2008,2fmCon,IDOTRR,100096
23440.750457356517,6,1966,900,5,12,1998,1Fam,Sawyer,110512
18419.750457356517,4,1972,1358,7,5,1994,TwnhsE,BrDale,126095
18550.750457356517,5,1983,1450,6,6,2007,Twnhs,NPkVill,147880
23508.750457356517,6,1954,734,4,8,2008,1Fam,NAmes,118365
25195.750457356517,5,1946,815,3,4,2007,1Fam,Edwards,100379
31045.750457356517,4,2003,2093,7,5,2019,1Fam,NridgHt,383154
24505.750457356517,3,2004,1894,7,7,2002,1Fam,Gilbert,225766
26070.750457356517,3,1967,901,4,1,2005,1Fam,Sawyer,122238
26057.750457356517,5,1952,986,5,5,2018,1Fam,OldTown,109466
30866.750457356517,6,1957,1356,5,6,2012,1Fam,NAmes,165397
23981.750457356517,4,1999,1254,6,7,2006,1Fam,Gilbert,173494
27135.750457356517,4,1998,1901,6,10,2002,1Fam,Gilbert,194613
24760.750457356517,3,1956,891,4,4,2018,2fmCon,Sawyer,115058
26296.750457356517,4,1999,2711,8,6,2016,1Fam,NoRidge,349787
24696.750457356517,5,1992,985,4,7,1996,1Fam,CollgCr,146368
29408.750457356517,4,1995,1110,6,8,2001,1Fam,SawyerW,142298
17938.750457356517,3,1974,987,4,6,1995,Twnhs,BrDale,93960
26392.750457356517,4,1955,911,5,6,2001,1Fam,NAmes,114991
26202.750457356517,4,1981,1476,6,4,2008,1Fam,Mitchel,209035
26639.750457356517,4,1995,1594,8,6,2015,1Fam,Somerst,211929
66308.75045735651,4,1969,1833,4,10,2009,1Fam,Veenker,383237
31647.750457356517,4,2014,2401,9,4,2009,1Fam,NridgHt,555051
27034.750457356517,4,1920,1645,6,5,2007,1Fam,OldTown,138415
19886.750457356517,4,2005,1343,4,7,2008,TwnhsE,Somerst,193252
20238.750457356517,4,1998,2381,7,1,2015,TwnhsE,Somerst,342999
28606.750457356517,5,1947,1389,7,4,2001,1Fam,OldTown,128664
28415.750457356517,3,1998,2008,8,8,2007,1Fam,NridgHt,400641
24530.750457356517,3,1966,1218,5,8,2006,1Fam,Sawyer,133322
26952.750457356517,3,2017,1722,6,9,2014,1Fam,CollgCr,296327
23448.750457356517,6,1914,1111,6,2,2004,1Fam,IDOTRR,100801
28662.750457356517,6,1985,1800,8,5,2004,1Fam,SawyerW,217282
25227.750457356517,3,2005,1658,6,5,1996,1Fam,CollgCr,208734
28526.750457356517,4,2015,1738,7,8,2011,1Fam,NridgHt,294150
27259.750457356517,4,1994,1804,8,4,2013,1Fam,CollgCr,210279
24708.750457356517,3,2010,1602,5,2,2017,1Fam,CollgCr,195900
33010.75045735652,3,1996,1828,6,6,2004,1Fam,NoRidge,220492
24282.750457356517,4,2001,1742,6,9,2009,TwnhsE,StoneBr,238291
25215.750457356517,5,1924,1308,5,6,2010,1Fam,Crawfor,144848
22530.750457356517,4,1933,1361,6,11,1998,1Fam,BrkSide,127899
28911.750457356517,4,1994,1832,7,8,2000,1Fam,Timber,391001
25160.750457356517,7,1964,909,5,11,2013,1Fam,NAmes,147083
25117.750457356517,3,1951,1065,5,7,1997,1Fam,NAmes,126634
34610.75045735652,6,1956,2444,8,8,2005,1Fam,NAmes,278366
27262.750457356517,4,1995,2771,9,5,2011,1Fam,NoRidge,372644
23526.750457356517,6,1911,1424,6,4,2005,1Fam,SWISU,168392
27353.750457356517,3,1977,1954,8,6,1995,Duplex,Mitchel,171832
20206.750457356517,4,2012,1216,4,5,2020,TwnhsE,Somerst,163656
26832.750457356517,4,1964,1773,7,5,1999,1Fam,NAmes,136035
26792.750457356517,5,1974,1112,4,11,2003,1Fam,NAmes,139109
26238.750457356517,4,1988,2061,8,9,2011,1Fam,ClearCr,210662
26336.750457356517,4,2004,1307,5,5,2018,1Fam,CollgCr,174430
18716.750457356517,4,1998,1626,6,10,2010,Twnhs,NridgHt,153444
24319.750457356517,7,1945,1217,5,5,2014,1Fam,NAmes,132580
24644.750457356517,1,1960,1477,5,5,2020,1Fam,NAmes,155584
29795.750457356517,3,2013,1640,7,5,2009,1Fam,Somerst,255237
17945.750457356517,3,1975,1222,6,3,1994,Twnhs,BrDale,91442
29595.750457356517,3,2002,2295,8,7,1998,1Fam,NoRidge,269192
25597.750457356517,5,1937,1636,5,7,2020,1Fam,Edwards,154219
87277.75045735651,3,1966,1525,5,12,2005,1Fam,ClearCr,280138
26430.750457356517,4,1962,1147,6,5,2001,1Fam,NAmes,165877
26449.750457356517,3,1979,1441,7,6,2001,1Fam,NAmes,156522
27924.750457356517,4,1978,1736,6,5,2007,1Fam,NWAmes,175848
27758.750457356517,5,1932,2569,11,8,2013,1Fam,Crawfor,191401
26612.750457356517,4,1972,2088,7,10,2000,1Fam,NWAmes,200005
17942.750457356517,3,1981,945,4,7,2004,Twnhs,BrDale,88939
24737.750457356517,4,1978,1052,6,6,2013,1Fam,NAmes,141943
22150.750457356517,3,1895,1868,9,4,1997,2fmCon,OldTown,97017
27195.750457356517,4,2005,1539,6,1,2006,1Fam,NridgHt,299862
36149.75045735652,7,1952,2288,7,6,1995,1Fam,Timber,257485
19464.750457356517,3,1995,1507,6,4,2013,TwnhsE,Blmngtn,180671
30693.750457356517,3,1987,1778,5,3,2007,1Fam,NWAmes,219473
31638.750457356517,4,1998,2046,7,8,2001,1Fam,NridgHt,449553
50938.75045735652,3,1953,1060,4,1,1998,2fmCon,Gilbert,144946
26787.750457356517,6,1964,1051,6,2,1995,1Fam,Edwards,137067
26192.750457356517,5,1981,1114,6,6,2019,1Fam,Mitchel,170970
26540.750457356517,1,1919,1341,7,4,2019,2fmCon,IDOTRR,81950
31056.750457356517,3,2001,1879,6,5,2016,1Fam,NridgHt,415528
34835.75045735652,4,1986,2072,6,7,2005,1Fam,NWAmes,234595
26386.750457356517,3,1963,1053,5,6,2006,1Fam,NAmes,134657
24146.750457356517,3,1999,1220,4,8,2001,1Fam,Somerst,207082
22238.750457356517,7,1896,1536,7,2,2002,1Fam,OldTown,129316
34812.75045735652,3,1974,2382,7,7,2014,1Fam,NAmes,129571
26435.750457356517,4,1985,1703,6,2,1998,1Fam,Gilbert,160875
18945.750457356517,6,1964,1470,6,5,2013,TwnhsE,MeadowV,130106
24693.750457356517,0,1918,1518,6,10,2007,1Fam,IDOTRR,84561
18551.750457356517,3,1965,1058,3,8,1999,Twnhs,NPkVill,123469
23050.750457356517,4,1996,1503,3,5,2020,TwnhsE,StoneBr,212809
27942.750457356517,4,2005,1998,5,7,2000,1Fam,NoRidge,349410
22400.750457356517,4,1939,1770,7,4,2009,1Fam,OldTown,129974
27658.750457356517,3,2012,1827,6,2,1997,1Fam,NridgHt,279018
35414.75045735652,3,1985,1331,4,9,2019,1Fam,SawyerW,156316
23255.750457356517,5,1959,868,4,10,2006,1Fam,NAmes,119882
23049.750457356517,4,1999,1201,6,1,2010,1Fam,CollgCr,205320
23945.750457356517,4,1950,1208,5,11,2018,1Fam,Edwards,99773
23636.750457356517,3,2007,1453,5,1,2018,1Fam,SawyerW,225328
26225.750457356517,3,2000,1213,6,6,1997,1Fam,Mitchel,173644
23492.750457356517,3,1948,1034,6,5,2000,Duplex,NAmes,90106
30565.750457356517,3,1954,1795,6,9,1997,1Fam,NAmes,179465
25234.750457356517,3,2003,1347,8,11,2006,Duplex,Mitchel,208415
22327.750457356517,4,1948,1119,3,5,2018,1Fam,IDOTRR,99605
26565.750457356517,4,1977,936,3,8,1998,1Fam,NAmes,111818
26505.750457356517,3,1983,1428,7,6,2006,1Fam,NAmes,157098
25295.750457356517,1,1964,1010,5,7,2006,1Fam,Sawyer,80145
22701.750457356517,6,1942,1152,5,9,1997,1Fam,Edwards,123073
19867.750457356517,3,2003,1399,4,1,2011,TwnhsE,Somerst,146223
32463.750457356517,4,1998,1626,5,7,2003,1Fam,NridgHt,250502
27730.750457356517,4,2017,1701,7,4,2005,1Fam,NridgHt,307405
28642.750457356517,3,2004,1954,7,10,2017,1Fam,NridgHt,359489
25044.750457356517,3,2000,1419,3,9,2011,TwnhsE,NAmes,189753
25351.750457356517,4,2010,1491,8,10,2012,1Fam,Gilbert,185127
29791.750457356517,4,2019,2308,9,5,2001,1Fam,NridgHt,454288
23503.750457356517,5,1958,1043,5,5,2013,1Fam,NAmes,109576
19861.750457356517,6,1926,1290,4,5,1996,1Fam,OldTown,119399
23667.750457356517,3,1998,1473,5,7,1997,1Fam,StoneBr,240160
27686.750457356517,3,1984,1509,6,1,2000,1Fam,SawyerW,223963
26485.750457356517,6,1922,837,5,5,1997,1Fam,BrkSide,129702
25863.750457356517,3,1904,1513,7,5,2007,1Fam,OldTown,87715
24150.750457356517,4,2011,1965,8,5,2012,1Fam,Gilbert,217217
24192.750457356517,4,1962,1148,6,4,2003,1Fam,NAmes,141291
27070.750457356517,6,1957,1466,5,7,2012,1Fam,NAmes,132926
24187.750457356517,4,1987,1669,6,11,2016,1Fam,Timber,195529
25766.750457356517,3,1962,1216,6,8,2017,1Fam,NAmes,102748
32002.750457356517,3,1953,924,5,6,1999,1Fam,OldTown,111928
26241.750457356517,3,1993,1768,6,6,1995,1Fam,CollgCr,221803
23993.750457356517,3,1928,1827,7,6,2008,1Fam,IDOTRR,169477
24399.750457356517,6,1960,923,5,6,2009,1Fam,NAmes,134690
23855.750457356517,4,1915,1371,6,3,1995,1Fam,OldTown,96863
18567.750457356517,4,1963,1458,6,5,2015,TwnhsE,NPkVill,142752
23228.750457356517,4,1956,925,6,6,2017,1Fam,NAmes,99415
32816.75045735652,3,2006,1094,5,7,2016,1Fam,CollgCr,148483
25721.750457356517,5,1946,1640,6,6,2014,1Fam,NAmes,145999
25688.750457356517,7,1928,1641,7,8,1996,1Fam,Crawfor,167271
19749.750457356517,4,2004,1405,5,10,2006,TwnhsE,NridgHt,174006
18481.750457356517,3,1973,1086,5,8,2000,TwnhsE,MeadowV,87938
36058.75045735652,6,1928,3675,6,11,2009,1Fam,Edwards,417336
26331.750457356517,3,1995,1459,6,8,2016,1Fam,Somerst,248278
28615.750457356517,3,2005,2693,8,6,2015,1Fam,NridgHt,397206
27271.750457356517,3,1995,1848,6,8,2003,1Fam,SawyerW,258101
25559.750457356517,3,1956,1261,6,3,2018,1Fam,NAmes,167500
33753.75045735652,3,2012,2243,8,6,2017,1Fam,StoneBr,501003
29535.750457356517,5,1971,1728,10,0,2000,Duplex,NAmes,84667
30561.750457356517,3,1953,1187,6,8,1995,1Fam,NAmes,140609
19745.750457356517,4,2013,1409,5,11,1998,TwnhsE,NridgHt,173102
25113.750457356517,3,2005,1594,7,2,2001,1Fam,CollgCr,220405
27703.750457356517,3,2006,2121,7,4,2013,1Fam,SawyerW,220543
27072.750457356517,6,1897,2490,9,11,1999,1Fam,OldTown,184772
26625.750457356517,3,2016,1250,4,3,2001,1Fam,CollgCr,223114
27094.750457356517,6,1934,1358,7,7,2015,1Fam,OldTown,149430
24373.750457356517,3,1995,2273,7,12,2004,1Fam,Gilbert,200073
24647.750457356517,5,1956,877,5,7,2017,1Fam,NAmes,106254
24364.750457356517,5,1947,865,4,9,2007,1Fam,NAmes,118527
32861.75045735652,4,1997,1100,5,7,1995,1Fam,CollgCr,147530
27367.750457356517,5,1979,1251,5,9,2017,1Fam,NWAmes,145010
27476.750457356517,4,1949,1793,7,11,2000,1Fam,ClearCr,160698
27092.750457356517,6,1879,2483,10,12,2019,1Fam,OldTown,184399
21111.750457356517,4,1916,1302,4,5,2009,1Fam,SWISU,103884
26803.750457356517,3,2009,1954,9,4,2007,1Fam,Somerst,252138
24117.750457356517,3,2014,1583,6,4,2010,TwnhsE,NridgHt,278326
26737.750457356517,4,1985,2124,6,7,2006,1Fam,NoRidge,348205
32049.750457356517,4,1950,925,5,5,2006,1Fam,OldTown,112536
18641.750457356517,4,1967,1459,6,4,2019,TwnhsE,NPkVill,137674
29834.750457356517,4,1984,989,5,6,2007,1Fam,CollgCr,155976
18793.750457356517,4,2004,1699,6,4,2017,Twnhs,Edwards,133272
26049.750457356517,6,1964,1289,7,2,2020,1Fam,NAmes,162141
27248.750457356517,3,1998,1854,7,9,2007,1Fam,SawyerW,258174
24290.750457356517,5,1963,1888,8,10,2009,1Fam,NWAmes,178531
23694.750457356517,6,1940,908,5,4,2001,1Fam,IDOTRR,99346
25126.750457356517,4,1999,1601,8,2,2015,1Fam,CollgCr,220305
20842.750457356517,5,1914,1233,5,5,2012,1Fam,OldTown,113467
24886.750457356517,3,2016,1799,7,10,1998,1Fam,Somerst,254814
22298.750457356517,4,1920,1293,5,6,1998,1Fam,OldTown,126827
27888.750457356517,4,2008,1330,6,7,2007,1Fam,Gilbert,173911
26068.750457356517,4,1953,1613,7,6,2007,1Fam,NAmes,167654
23821.750457356517,3,1957,1039,4,6,2010,1Fam,NAmes,112712
24187.750457356517,5,1927,986,3,4,2014,1Fam,NAmes,105147
31171.750457356517,4,2011,1677,6,8,2001,1Fam,Gilbert,240149
26273.750457356517,3,2006,1580,6,12,1996,1Fam,Somerst,226732
23304.750457356517,4,2003,1365,7,11,1994,Duplex,Mitchel,214825
27462.750457356517,3,1964,1434,6,2,2004,1Fam,Sawyer,163593
28987.750457356517,4,2001,2054,7,8,2013,1Fam,NridgHt,252987
22009.750457356517,3,2002,1767,5,1,1998,TwnhsE,Crawfor,377202
27630.750457356517,2,1958,1712,8,0,2007,1Fam,Edwards,131241
29824.750457356517,3,2003,2501,9,7,2001,1Fam,StoneBr,353319
27724.750457356517,4,2014,1972,7,5,2000,1Fam,Timber,369789
24566.750457356517,6,1951,886,5,6,2005,1Fam,NAmes,105924
20684.750457356517,3,2005,850,3,6,2002,TwnhsE,CollgCr,144851
25645.750457356517,3,1979,1816,8,3,1999,Duplex,Mitchel,139699
26250.750457356517,4,2013,1460,6,7,2011,1Fam,Somerst,248275
32852.75045735652,6,1985,1609,8,5,2000,1Fam,NWAmes,214725
26625.750457356517,4,2013,1232,6,5,1999,1Fam,CollgCr,199025
25697.750457356517,3,2007,1375,6,8,2007,1Fam,Gilbert,169601
32108.750457356517,3,1947,1335,4,6,1999,2fmCon,Crawfor,157499
25363.750457356517,2,1970,988,5,7,1996,1Fam,Sawyer,128932
29189.750457356517,5,1963,1403,6,12,1999,1Fam,NWAmes,162758
18483.750457356517,2,1977,1086,6,7,2002,TwnhsE,MeadowV,88213
17769.750457356517,5,1970,1085,4,4,2006,TwnhsE,MeadowV,94355
24540.750457356517,5,1950,826,3,6,2001,1Fam,OldTown,124948
22849.750457356517,3,1977,1744,5,11,2000,1Fam,StoneBr,273521
22831.750457356517,2,1893,2373,10,11,2015,1Fam,OldTown,107662
23562.750457356517,4,2017,1233,6,2,2009,1Fam,CollgCr,195195
30921.750457356517,3,2001,3233,8,2,2019,1Fam,NoRidge,410280
20855.750457356517,5,1917,1226,6,5,2007,1Fam,OldTown,114363
37947.75045735652,5,1915,1666,7,7,2015,1Fam,Edwards,184089
25827.750457356517,6,1951,1310,7,6,2003,1Fam,Crawfor,159531
25531.750457356517,4,2003,1167,6,6,2004,1Fam,Gilbert,172167
25673.750457356517,6,1960,1079,4,5,2013,1Fam,NAmes,136468
25957.750457356517,3,1976,1330,6,4,2003,1Fam,NWAmes,167100
22578.750457356517,4,1966,890,4,3,1999,1Fam,Sawyer,120536
30006.750457356517,4,1972,1829,7,5,2003,1Fam,NAmes,202061
25530.750457356517,4,1995,1757,6,7,1997,1Fam,Timber,203114
28333.750457356517,2,1944,1432,7,8,1999,Duplex,Edwards,118623
24259.750457356517,3,1966,1030,5,10,2010,1Fam,NAmes,126271
19353.750457356517,3,2003,1421,5,5,1997,TwnhsE,Blmngtn,179795
25819.750457356517,3,1998,2820,9,5,1996,1Fam,NoRidge,302277
27292.750457356517,3,1949,1004,5,7,2005,1Fam,NAmes,133278
23264.750457356517,4,1968,863,5,8,1997,1Fam,NAmes,76615
18607.750457356517,4,1976,1454,6,4,2009,Twnhs,NPkVill,138050
26629.750457356517,7,1905,761,5,8,2009,1Fam,IDOTRR,84837
26093.750457356517,3,1974,961,5,5,2004,2fmCon,BrkSide,129429
23202.750457356517,6,1939,932,4,3,1998,1Fam,Edwards,98477
21142.750457356517,5,1917,1300,5,5,1999,1Fam,SWISU,103757
23942.750457356517,4,1982,882,5,6,1999,1Fam,Mitchel,149417
24377.750457356517,6,1951,928,6,6,2005,1Fam,NAmes,122704
25816.750457356517,6,1962,1166,4,6,2004,1Fam,Edwards,128491
20704.750457356517,3,2002,846,3,2,2018,TwnhsE,CollgCr,144737
18555.750457356517,4,2003,1492,6,7,1999,Twnhs,Somerst,179555
28656.750457356517,3,1995,1110,6,5,2013,1Fam,SawyerW,153455
30091.750457356517,4,2005,2073,6,9,2006,1Fam,NridgHt,466349
24664.750457356517,3,1968,878,3,3,2000,1Fam,NAmes,126128
28399.750457356517,2,1961,1447,8,9,2018,Duplex,Edwards,117688
26694.750457356517,5,1992,2125,6,8,2013,1Fam,NoRidge,349663
24546.750457356517,5,1948,824,3,5,2019,1Fam,OldTown,125688
33332.75045735652,3,1951,1590,7,7,2008,1Fam,ClearCr,133983
18609.750457356517,4,1968,1454,5,5,2019,Twnhs,NPkVill,137458
24358.750457356517,4,2007,1414,7,9,2009,1Fam,StoneBr,391592
22139.750457356517,6,1964,934,3,5,2015,1Fam,NAmes,128994
22901.750457356517,2,1894,2361,11,11,2012,1Fam,OldTown,107719
20919.750457356517,3,1982,1223,5,9,2008,TwnhsE,StoneBr,187876
21983.750457356517,4,2011,1780,4,1,1996,TwnhsE,Crawfor,377113
25585.750457356517,4,2002,1755,7,6,1995,1Fam,Timber,202967
25433.750457356517,3,1991,1541,7,12,2011,1Fam,CollgCr,214959
29561.750457356517,5,1953,1565,5,5,2002,1Fam,Crawfor,192719
24471.750457356517,3,1982,1288,6,3,2010,1Fam,Sawyer,143676
25728.750457356517,4,2000,1367,5,8,2003,1Fam,Gilbert,169476
24141.750457356517,6,1928,989,3,3,2012,1Fam,NAmes,105226
18555.750457356517,4,1972,1452,5,6,2006,Twnhs,NPkVill,149579
27158.750457356517,3,1999,1092,5,6,2008,1Fam,CollgCr,145563
28150.750457356517,4,1987,1926,6,7,2016,1Fam,Gilbert,184157
27648.750457356517,3,2007,1958,7,5,2016,1Fam,Timber,371958
21894.750457356517,5,1925,839,5,7,1995,1Fam,OldTown,111294
23659.750457356517,6,1934,917,4,4,2016,1Fam,IDOTRR,99885
19745.750457356517,3,1996,1404,6,10,2017,TwnhsE,NridgHt,172961
25047.750457356517,3,2001,1850,7,6,2002,1Fam,CollgCr,217548
24900.750457356517,5,1895,2180,10,12,2016,1Fam,IDOTRR,123430
18162.750457356517,4,1961,1096,5,6,2002,TwnhsE,MeadowV,85079
26539.750457356517,6,1926,1408,6,2,2018,2fmCon,IDOTRR,115622
28106.750457356517,3,2007,1685,5,3,2015,1Fam,Somerst,252602
29750.750457356517,5,1952,1248,3,2,2002,1Fam,ClearCr,235980
29944.750457356517,5,1972,2229,8,1,1998,1Fam,NAmes,244090
28245.750457356517,5,1947,1486,6,4,2013,1Fam,Edwards,135259
26802.750457356517,4,2002,1955,8,5,2015,1Fam,Somerst,251362
24852.750457356517,3,2010,1728,6,4,2009,1Fam,Gilbert,185012
24900.750457356517,4,2002,1791,7,10,1998,1Fam,Somerst,256250
25304.750457356517,4,2019,1563,6,3,2001,1Fam,Somerst,262492
29679.750457356517,3,2011,2390,8,6,2011,1Fam,NridgHt,385437
23331.750457356517,5,1975,975,6,6,2018,1Fam,Sawyer,134546
27120.750457356517,5,1978,1393,5,3,2001,1Fam,CollgCr,162136
24781.750457356517,3,2009,1440,6,3,1998,1Fam,SawyerW,188122
21959.750457356517,6,1920,1116,5,7,2015,1Fam,OldTown,116633
28150.750457356517,3,2015,1655,7,3,2014,1Fam,SawyerW,180024
24345.750457356517,6,1968,921,5,6,2013,1Fam,NAmes,134597
27124.750457356517,6,1945,1358,7,8,2002,1Fam,OldTown,148810
28966.750457356517,4,2003,2040,7,7,2000,1Fam,NridgHt,252511
24292.750457356517,4,1978,1259,5,6,2000,TwnhsE,SawyerW,128167
24667.750457356517,3,1986,2374,8,6,2015,1Fam,Somerst,313515
27832.750457356517,3,1960,2067,9,8,1995,1Fam,NAmes,134354
27703.750457356517,5,1948,1010,4,7,2015,1Fam,NAmes,137745
24785.750457356517,5,1900,1964,7,11,2015,1Fam,SWISU,130495
28266.750457356517,4,1988,1434,3,6,2018,1Fam,SawyerW,269735
22397.750457356517,6,1928,1367,5,5,2007,1Fam,BrkSide,128192
24666.750457356517,3,1970,878,4,4,2003,1Fam,NAmes,126059
22231.750457356517,6,1927,1501,4,5,1997,1Fam,BrkSide,156089
27733.750457356517,4,1996,1599,5,5,2012,1Fam,CollgCr,270620
22498.750457356517,6,1940,1044,5,4,2005,1Fam,BrkSide,123910
20125.750457356517,4,2008,1640,4,7,1997,TwnhsE,Crawfor,295670
26997.750457356517,3,1983,1478,6,4,2015,1Fam,Gilbert,160204
20008.750457356517,4,2007,1454,5,3,2012,TwnhsE,Somerst,183657
37944.75045735652,5,1923,1673,7,7,2002,1Fam,Edwards,184102
24346.750457356517,4,2016,1422,6,9,1996,1Fam,StoneBr,393086
20537.750457356517,4,2001,1397,5,7,2010,TwnhsE,Somerst,194962
25778.750457356517,4,1923,1710,7,2,2016,1Fam,Crawfor,140541
23804.750457356517,5,1966,1394,6,9,2005,1Fam,NAmes,145664
25591.750457356517,3,2003,1750,6,6,2016,1Fam,Timber,204867
27146.750457356517,3,2018,1686,7,6,2011,1Fam,CollgCr,324871
33729.75045735652,4,1951,1553,6,0,2010,1Fam,NAmes,173441
33722.75045735652,4,1949,1551,6,1,2005,1Fam,NAmes,172454
26669.750457356517,3,1987,1882,5,6,2007,1Fam,NWAmes,242331
22567.750457356517,4,1973,897,5,2,2010,1Fam,Sawyer,120211
28714.750457356517,7,1952,2150,7,3,2020,1Fam,Crawfor,261866
21234.750457356517,6,1938,1652,7,4,1998,1Fam,BrkSide,136605
29745.750457356517,6,1971,1471,5,2,2001,1Fam,Sawyer,130505
22070.750457356517,6,1947,1343,5,6,2022,1Fam,OldTown,143371
22271.750457356517,4,1935,1303,5,7,1999,1Fam,OldTown,127975
23146.750457356517,5,1938,1252,6,1,2020,1Fam,OldTown,118319
20943.750457356517,3,1997,1235,4,9,2019,TwnhsE,StoneBr,189160
28237.750457356517,4,1990,1425,3,6,2004,1Fam,SawyerW,271462
27886.750457356517,3,2002,1326,5,7,2000,1Fam,Gilbert,173421
26765.750457356517,4,2008,1791,7,6,1996,1Fam,Gilbert,240177
22669.750457356517,5,1939,1565,6,10,2003,1Fam,OldTown,149753
27699.750457356517,4,1898,1586,8,5,2018,2fmCon,OldTown,118245
24747.750457356517,4,1919,1968,6,11,2013,1Fam,SWISU,130470
29276.750457356517,5,1923,1840,7,6,2011,1Fam,BrkSide,206975
25370.750457356517,2,1965,982,5,6,2004,1Fam,Sawyer,129459
21898.750457356517,5,1929,841,4,7,2011,1Fam,OldTown,111819
28998.750457356517,3,1952,955,5,6,2006,1Fam,NAmes,130014
29814.750457356517,6,1954,1245,4,2,2004,1Fam,ClearCr,235025
20566.750457356517,3,2002,1393,5,7,2013,TwnhsE,Somerst,195950
23961.750457356517,5,1998,878,4,5,2004,1Fam,Mitchel,149424
30917.750457356517,4,1995,3244,8,3,2005,1Fam,NoRidge,411412
37927.75045735652,6,1920,1676,8,7,2008,1Fam,Edwards,184211
19952.750457356517,5,1912,817,4,8,2016,1Fam,IDOTRR,75261
35193.75045735652,4,1979,1895,7,3,2003,1Fam,NWAmes,211647
33747.75045735652,3,2008,2238,8,6,2015,1Fam,StoneBr,498849
23668.750457356517,5,1969,1049,5,3,2016,1Fam,NAmes,119827
30415.750457356517,6,1959,1022,5,4,2010,1Fam,Sawyer,165195
27532.750457356517,3,1979,1057,4,5,2009,1Fam,Mitchel,146732
18464.750457356517,5,1977,1094,6,1,2009,Twnhs,BrDale,113172
27632.750457356517,2,1939,1723,8,1,1998,1Fam,Edwards,130324
24936.750457356517,5,1895,2164,10,12,2018,1Fam,IDOTRR,123121
23789.750457356517,3,2009,1642,6,10,2007,1Fam,Gilbert,191981
25073.750457356517,4,2001,1851,7,6,1998,1Fam,CollgCr,217897
26739.750457356517,3,1997,1790,8,6,2006,1Fam,Gilbert,240886
24833.750457356517,6,1941,812,4,6,2012,1Fam,NAmes,130275
24938.750457356517,3,1963,1759,6,6,2009,1Fam,NAmes,154347
22818.750457356517,3,1984,1743,5,12,2003,1Fam,StoneBr,274133
29195.750457356517,5,1973,1392,6,12,1998,1Fam,NWAmes,162594
27296.750457356517,4,2014,1834,6,8,2005,1Fam,SawyerW,258022
18608.750457356517,3,1981,1461,5,4,2003,Twnhs,NPkVill,137777
30925.750457356517,4,1984,3247,9,2,1999,1Fam,NoRidge,411871
23036.750457356517,3,2007,1295,6,4,2018,1Fam,CollgCr,199487
27905.750457356517,4,1976,1724,6,11,2003,1Fam,NWAmes,196472
26865.750457356517,3,1997,1653,7,5,2016,1Fam,Somerst,254552
25817.750457356517,3,1990,1488,5,4,1998,TwnhsE,Veenker,271234
28438.750457356517,3,1952,1183,6,4,2011,1Fam,NAmes,142534
23734.750457356517,4,1965,1040,4,6,2009,1Fam,Sawyer,133561
26820.750457356517,4,2006,1724,7,2,2010,1Fam,NoRidge,259160
26678.750457356517,3,1987,1363,5,5,2010,1Fam,NWAmes,151661
27888.750457356517,4,1977,1725,6,10,1997,1Fam,NWAmes,196156
29036.750457356517,4,1989,1686,8,4,2018,1Fam,ClearCr,201028
26648.750457356517,5,1959,2627,7,5,2009,1Fam,NWAmes,256640
25525.750457356517,7,1965,1205,6,9,1999,1Fam,NAmes,145175
24869.750457356517,3,2005,1234,5,4,1999,1Fam,CollgCr,193384
25843.750457356517,3,1974,2517,9,7,2010,1Fam,NWAmes,276964
25398.750457356517,3,1919,1111,5,4,2012,1Fam,IDOTRR,109536
28483.750457356517,3,2018,1433,6,7,2019,1Fam,Somerst,228503
22891.750457356517,3,1952,896,5,8,2017,1Fam,NAmes,109936
24273.750457356517,3,2000,1453,8,7,2008,1Fam,Gilbert,176127
25100.750457356517,1,1945,1759,7,9,2012,1Fam,NAmes,100125
19893.750457356517,4,2011,1587,6,10,2001,TwnhsE,Blmngtn,227379
27897.750457356517,4,1960,1409,6,4,1996,1Fam,NWAmes,180262
69731.75045735651,3,1993,3266,11,5,2014,1Fam,StoneBr,540927
24011.750457356517,4,2002,1431,6,4,2009,1Fam,Gilbert,179780
24295.750457356517,7,1961,945,6,9,2002,1Fam,NAmes,143053
68298.75045735651,3,2011,2342,8,6,2006,1Fam,StoneBr,592719
21904.750457356517,4,1991,1649,5,10,1999,TwnhsE,StoneBr,278450
28276.750457356517,5,1958,1244,6,4,1995,1Fam,NAmes,150754
20051.750457356517,3,1974,1229,4,9,2009,TwnhsE,Greens,211866
21440.750457356517,3,1938,1084,5,1,1997,1Fam,Edwards,125903
18155.750457356517,4,1981,989,5,4,2009,Twnhs,BrDale,100381
27025.750457356517,4,1989,1197,5,3,2011,Duplex,Edwards,178436
27735.750457356517,3,1962,1768,9,6,2020,Duplex,NAmes,110406
19450.750457356517,3,2013,1269,6,3,2018,TwnhsE,Blmngtn,191478
28127.750457356517,4,1995,1778,6,6,2003,1Fam,CollgCr,235356
22246.750457356517,6,1925,615,4,5,2004,1Fam,BrkSide,89422
22887.750457356517,3,1960,868,4,12,2006,1Fam,NAmes,125085
27085.750457356517,4,2016,1778,6,3,2011,1Fam,CollgCr,212227
17863.750457356517,4,1973,991,4,10,2007,Twnhs,MeadowV,90560
22470.750457356517,5,1926,1600,6,9,2006,1Fam,SWISU,137965
33833.75045735652,3,1955,1462,6,0,2020,1Fam,NAmes,97454
25862.750457356517,5,1960,1501,5,7,2005,1Fam,Edwards,159754
25004.750457356517,3,1996,1733,7,5,2019,1Fam,Somerst,208116
29014.750457356517,7,1957,952,4,4,2017,1Fam,NAmes,151826
22852.750457356517,3,1959,892,5,8,2003,1Fam,NAmes,109581
26066.750457356517,3,2011,1634,5,10,2011,1Fam,CollgCr,213963
24799.750457356517,5,1911,2531,9,8,2002,1Fam,OldTown,135363
25004.750457356517,5,1963,1077,5,1,2007,1Fam,NWAmes,162074
24375.750457356517,7,1964,862,4,6,2009,1Fam,Sawyer,135747
23249.750457356517,4,1946,1727,5,7,2009,1Fam,BrkSide,152937
69302.75045735651,4,1998,1959,8,5,1996,1Fam,ClearCr,240833
25443.750457356517,4,1993,2002,9,1,2019,1Fam,Timber,169961
25979.750457356517,7,1967,1054,5,7,2007,1Fam,NAmes,150552
23448.750457356517,5,1925,1769,7,10,2004,1Fam,OldTown,157315
48944.75045735652,1,1955,2513,8,2,2004,1Fam,Crawfor,201514
25995.750457356517,5,1984,993,4,8,2005,1Fam,CollgCr,154597
26740.750457356517,5,1923,2797,8,5,2014,1Fam,OldTown,255549
27589.750457356517,4,1886,2295,11,3,2019,2fmCon,OldTown,122248
31576.750457356517,4,1976,1269,7,6,2012,1Fam,Mitchel,169683
30543.750457356517,4,2005,2390,7,1,2016,1Fam,NridgHt,348851
22447.750457356517,5,1933,1606,6,10,2020,1Fam,SWISU,138096
22833.750457356517,4,1976,844,6,7,2018,1Fam,Mitchel,134974
22010.750457356517,5,1930,1127,5,7,2003,1Fam,OldTown,66688
25174.750457356517,3,2008,1333,5,7,2012,1Fam,Gilbert,180779
28594.750457356517,6,1986,2688,8,7,2015,1Fam,NWAmes,248783
26923.750457356517,4,2001,1474,6,5,2008,1Fam,CollgCr,226797
24470.750457356517,4,1909,1244,6,3,2011,1Fam,OldTown,99988
33314.75045735652,5,1955,1233,6,4,2001,1Fam,Edwards,134742
22658.750457356517,4,1934,1449,7,2,2001,1Fam,BrkSide,132182
63445.75045735652,3,1948,1495,6,6,2013,1Fam,Gilbert,132797
30551.750457356517,4,2010,1963,9,6,1997,1Fam,NridgHt,393360
25084.750457356517,3,2001,1728,7,4,2002,1Fam,Somerst,207736
26965.750457356517,4,1999,1473,6,6,2003,1Fam,CollgCr,225475
29835.750457356517,5,1923,1828,8,7,2014,1Fam,BrkSide,179683
23445.750457356517,3,1966,896,4,7,1998,1Fam,NAmes,99717
27055.750457356517,4,2001,2499,8,3,2018,1Fam,NWAmes,244285
24275.750457356517,3,2001,1616,4,7,2016,TwnhsE,SawyerW,193059
23230.750457356517,7,1974,866,6,6,2005,1Fam,CollgCr,136032
23884.750457356517,5,1918,1810,9,6,2010,1Fam,Crawfor,200466
27997.750457356517,5,1905,1339,5,5,2014,1Fam,Edwards,111812
27116.750457356517,3,1992,1595,6,6,2005,1Fam,Gilbert,179930
24549.750457356517,3,1956,1610,8,2,2012,Duplex,NAmes,134426
29645.750457356517,3,2015,1847,7,7,2011,1Fam,CollgCr,234168
27573.750457356517,5,1964,1114,6,7,2016,1Fam,NAmes,153244
26693.750457356517,6,1892,1542,7,5,2005,1Fam,OldTown,158386
38203.75045735652,4,1995,1447,5,8,2009,1Fam,Gilbert,175249
29124.750457356517,4,2005,2377,10,2,2006,1Fam,NridgHt,611371
20756.750457356517,4,1993,1193,4,3,2013,TwnhsE,Mitchel,159662
25158.750457356517,4,1999,1346,5,8,2018,1Fam,Gilbert,181288
27186.750457356517,5,1967,1665,7,8,2006,1Fam,NWAmes,200466
25012.750457356517,3,1976,894,5,4,2006,1Fam,Sawyer,129694
17955.750457356517,4,1979,983,4,2,1996,Twnhs,BrDale,103452
24310.750457356517,3,2001,916,4,4,2017,1Fam,Edwards,117486
27430.750457356517,4,1966,1425,7,4,2010,1Fam,NWAmes,183415
24289.750457356517,4,1971,1108,5,2,2015,1Fam,NAmes,126296
17878.750457356517,4,1969,1228,5,6,2010,Twnhs,Blueste,121340
27286.750457356517,4,2006,2146,8,5,2012,1Fam,CollgCr,314226
24417.750457356517,6,1906,1038,5,5,2017,1Fam,OldTown,114002
27104.750457356517,3,2000,2488,9,2,2004,1Fam,NWAmes,243623
26893.750457356517,3,2002,1486,6,6,2014,1Fam,CollgCr,225606
25056.750457356517,6,1961,2150,7,6,2015,1Fam,NAmes,224688
23284.750457356517,3,2012,1922,6,4,2005,1Fam,Somerst,224717
22620.750457356517,5,1944,1449,7,2,2016,1Fam,BrkSide,132712
24197.750457356517,4,1975,910,5,9,2000,1Fam,NAmes,132364
26434.750457356517,5,1936,1036,5,6,2000,1Fam,OldTown,108870
25483.750457356517,4,1960,1721,7,2,2010,1Fam,NAmes,171817
25132.750457356517,4,1952,1120,5,6,2010,1Fam,Sawyer,138788
24734.750457356517,3,2012,1434,7,4,2012,1Fam,CollgCr,210294
18942.750457356517,4,1978,1299,5,4,2007,TwnhsE,MeadowV,104920
41262.75045735652,7,1964,1471,4,6,1998,1Fam,ClearCr,143102
27468.750457356517,4,1990,1496,6,7,2007,1Fam,CollgCr,201223
28182.750457356517,4,1997,1573,6,5,2002,1Fam,Somerst,234689
26658.750457356517,4,1980,969,5,0,2014,1Fam,CollgCr,121922
27394.750457356517,5,1977,1433,7,4,2001,1Fam,NWAmes,183837
24357.750457356517,7,1907,1995,8,8,1998,2fmCon,OldTown,159852
32234.750457356517,4,2005,2320,8,4,2013,1Fam,Gilbert,245953
24997.750457356517,6,1948,893,5,1,2013,1Fam,NAmes,117309
18798.750457356517,3,1995,1235,4,4,2020,Twnhs,Somerst,152488
24425.750457356517,7,1893,1043,5,4,1996,1Fam,OldTown,113716
26873.750457356517,4,2008,2330,9,6,2014,1Fam,NridgHt,315404
26666.750457356517,5,1962,1098,4,3,2010,1Fam,NAmes,135439
28650.750457356517,4,1949,1725,7,1,1994,1Fam,Crawfor,193084
25613.750457356517,4,2005,1486,5,6,2017,1Fam,CollgCr,190758
25168.750457356517,6,1951,1011,6,5,2002,1Fam,NAmes,134320
28187.750457356517,4,1945,1238,6,4,2003,1Fam,NAmes,149719
24748.750457356517,6,1976,1216,5,7,2000,1Fam,Sawyer,150837
24684.750457356517,4,2008,1678,6,9,2007,1Fam,SawyerW,190850
25351.750457356517,3,1990,1647,7,6,2014,1Fam,Gilbert,192361
22618.750457356517,4,1936,1445,6,3,2007,1Fam,BrkSide,131974
25995.750457356517,3,1990,1769,7,4,2008,1Fam,Gilbert,202504
26454.750457356517,4,1964,1071,6,6,2009,1Fam,NWAmes,153826
26212.750457356517,4,1993,2102,7,11,2004,1Fam,CollgCr,239174
30488.750457356517,4,1963,1373,5,11,1998,1Fam,Sawyer,186076
23735.750457356517,4,1964,877,4,6,2006,1Fam,CollgCr,127012
